RDExp,NrEmployees,ProductInnovation,ServiceInnovation,ManufacturingInnovation,LogisticsInnovation,SupportInnovation,Info1,Info2,Info3,Info4,Info5,Info6,Info7,Info8,Info9,Info10
0,2.164808273,0,0,0,0,0,0,0,0,0,0,0,0,0,0,0
0.162145242,56.13262558,1,0,0,0,1,3,2,2,1,1,3,1,2,1,1
0,25.96364403,0,0,1,0,1,3,2,3,1,1,1,0,2,2,1
0,36.40194321,0,1,0,0,0,1,2,2,2,2,0,0,0,2,2
0.002416098,2.818094015,0,0,0,1,1,2,2,1,1,1,0,0,2,2,0
0.098501794,55.13709259,1,0,0,0,0,2,1,3,1,1,1,0,2,1,0
0.046801757,60.13625336,1,0,0,0,0,3,2,3,1,0,1,1,1,0,0
0.50392437,330.5379333,1,0,1,0,0,3,2,3,1,1,1,0,1,1,1
0.049636927,8.850804329,0,0,0,0,0,2,0,1,1,2,1,0,1,3,2
0.303960621,48.82981873,1,0,1,0,0,2,2,3,1,1,1,0,2,1,1
0.283645213,799.3970947,1,0,1,0,0,3,2,1,1,2,0,0,0,0,0
0.494807065,470.4744568,0,1,1,0,1,3,1,3,2,1,1,1,1,2,2
0.129444823,5.236100197,1,0,0,0,0,2,1,1,2,0,1,0,1,3,2
0,10.41721439,0,0,1,0,0,2,3,1,1,2,1,2,2,1,0
0,1.622834325,0,0,0,0,0,0,0,0,0,0,0,0,0,0,0
0.111050017,9.414696693,1,1,0,1,1,2,1,3,2,0,0,0,1,1,0
0.929346859,238.650116,1,0,1,0,0,1,2,3,0,1,2,1,3,3,2
0,32.43889999,0,0,0,0,0,0,0,0,0,0,0,0,0,0,0
0.44594422,81.04476929,1,0,0,0,0,3,1,3,1,2,3,2,3,2,1
0,124.9666672,0,0,0,0,0,0,0,0,0,0,0,0,0,0,0
0,10.37509155,0,0,0,0,0,0,0,0,0,0,0,0,0,0,0
0,9.591721535,0,0,0,0,0,1,2,2,1,0,0,0,1,2,1
0,18.62539673,0,0,0,0,0,0,0,0,0,0,0,0,0,0,0
0,3.418490648,0,0,0,0,0,0,0,0,0,0,0,0,0,0,0
0.051015355,4.533605576,0,1,0,0,0,3,0,3,0,0,2,0,0,0,0
2.969349623,428.1443481,1,0,0,0,0,3,2,3,2,1,1,1,2,2,1
0,8.8540411,0,0,0,0,0,0,0,0,0,0,0,0,0,0,0
0,8.6079216,0,0,0,0,0,0,0,0,0,0,0,0,0,0,0
0.263242066,328.7298889,1,0,1,1,1,2,3,3,2,0,1,0,2,1,0
0.278592765,68.5870285,1,0,0,0,1,3,3,3,1,1,0,0,0,2,0
0,6.89637804,0,0,0,0,0,0,0,0,0,0,0,0,0,0,0
0.016115703,310.4988403,0,0,0,0,0,2,2,3,2,0,1,1,2,2,1
0,7.5136199,0,0,0,0,0,0,0,0,0,0,0,0,0,0,0
0,42.85813141,0,0,0,0,0,2,0,3,2,0,0,0,0,1,2
0,8.653441429,0,0,0,0,0,0,0,0,0,0,0,0,0,0,0
0.4157722,234.1307831,1,0,1,0,0,2,3,3,2,1,1,1,2,1,2
0,22.82154083,1,1,0,0,0,3,1,3,1,0,0,0,2,2,0
0,5.153450966,0,0,0,0,0,0,0,0,0,0,0,0,0,0,0
0,85.2442627,0,0,1,1,1,2,1,1,1,0,2,0,0,0,0
0,24.99102211,0,0,0,0,0,0,0,0,0,0,0,0,0,0,0
0.010782151,5.599510193,1,0,0,0,1,3,3,3,2,0,2,0,1,0,0
0,NA,0,0,0,0,0,0,0,0,0,0,0,0,0,0,0
0.018829361,7.238797665,0,0,0,0,0,3,2,3,3,0,2,1,1,2,1
0,42.96767044,0,0,0,0,0,0,0,0,0,0,0,0,0,0,0
0,7.566411018,0,0,0,0,0,0,0,0,0,0,0,0,0,0,0
0,25.1269455,0,0,0,1,0,2,1,1,1,0,0,0,1,1,0
0,73.55289459,0,0,0,0,0,0,0,0,0,0,0,0,0,0,0
3.000481844,426.2184448,1,0,0,0,0,3,2,3,2,1,1,1,2,2,1
0,6.968188763,0,0,0,0,0,0,0,0,0,0,0,0,0,0,0
0,10.63655853,0,0,0,0,0,0,0,0,0,0,0,0,0,0,0
0,14.07032585,0,0,0,0,0,0,0,0,0,0,0,0,0,0,0
0.087895945,147.8244324,1,0,1,0,0,3,1,1,1,3,2,0,1,1,1
0,5.91123724,0,0,0,0,1,1,3,0,2,2,0,0,0,1,1
0.052046426,139.6246338,0,0,0,0,0,3,2,1,1,0,2,0,2,2,0
0,41.31297302,1,1,0,1,0,2,1,1,1,1,1,1,2,1,2
0.024253892,131.432373,1,0,0,0,0,3,2,1,3,0,0,0,2,2,1
2.491150856,30.34050941,1,0,0,1,1,3,2,3,2,3,2,2,1,1,2
0,NA,0,0,1,0,0,2,2,2,1,0,3,1,3,3,0
0,10.76951504,0,0,1,0,1,3,3,3,3,1,0,0,2,2,0
0,40.08030701,0,0,0,0,0,2,1,3,2,1,0,0,1,1,0
0,490.3827515,0,0,0,0,0,0,0,0,0,0,0,0,0,0,0
0,9.545306206,0,1,0,0,0,1,0,1,0,0,1,0,2,1,0
0,144.8083344,0,1,0,0,0,2,2,2,3,1,2,1,2,2,2
0.090880908,548.7062988,0,0,0,1,0,3,2,3,3,0,2,0,2,2,2
0,77.23867798,0,0,0,0,0,0,0,0,0,0,0,0,0,0,0
0,0,0,0,0,0,0,0,0,0,0,0,0,0,0,0,0
0.033238973,247.9538879,0,0,0,0,0,2,1,2,1,1,0,0,2,1,0
0,10.77774334,0,0,0,0,0,0,0,0,0,0,0,0,0,0,0
0.338776171,66.12530518,0,0,0,0,0,3,3,3,2,2,1,0,2,2,0
0.0759122,9.289603233,1,0,1,0,0,3,1,3,2,2,1,1,2,1,1
0,6.793207169,1,0,0,0,0,0,3,0,0,0,0,0,1,1,1
0,47.39514542,0,0,0,0,1,3,2,2,1,0,0,0,1,2,2
0.599497855,57.55023193,1,0,0,0,0,3,2,3,1,0,3,3,3,1,0
0,33.21714401,0,0,0,0,0,0,0,0,0,0,0,0,0,0,0
0,655.0490112,1,0,1,0,0,3,0,3,2,0,1,1,2,2,1
0,85.48321533,1,0,1,0,1,3,3,2,3,1,1,1,2,2,1
0,446.959137,0,0,0,0,0,0,0,0,0,0,0,0,0,0,0
0,49.26482773,0,0,0,0,0,0,0,0,0,0,0,0,0,0,0
0,997.534668,0,0,0,0,0,0,0,0,0,0,0,0,0,0,0
0.820778251,15.63982105,1,0,0,1,1,3,2,3,1,0,1,0,2,1,0
19.9966011,NA,1,0,0,0,0,3,2,3,3,2,2,2,2,2,2
0,14.99403191,0,0,0,0,0,0,0,0,0,0,0,0,0,0,0
0,380.5842896,0,0,0,0,0,0,0,0,0,0,0,0,0,0,0
0,11.37948036,0,0,0,0,0,0,0,0,0,0,0,0,0,0,0
0,46.11780548,1,0,1,0,1,2,1,1,1,1,2,0,2,2,1
0,15.52135372,0,0,1,0,0,0,3,1,2,1,0,0,1,2,2
0,31.48774719,0,0,0,0,0,0,0,0,0,0,0,0,0,0,0
0,17.75278664,0,0,0,0,0,0,0,0,0,0,0,0,0,0,0
0,126.6470261,0,0,0,0,0,0,0,0,0,0,0,0,0,0,0
0.042602278,35.95239639,1,1,0,0,1,3,3,3,1,0,0,0,2,1,0
0.087121993,24.0099678,1,1,1,0,0,3,2,2,2,2,1,1,2,2,2
0.305342495,9.683878899,1,0,0,0,0,3,2,2,1,1,0,0,1,1,0
4.687499523,432.9172058,1,0,1,0,1,3,1,3,2,0,2,2,2,2,1
0,5.349238396,0,0,0,0,0,0,0,0,0,0,0,0,0,0,0
0.11874561,17.63047409,0,1,0,0,0,3,1,3,1,0,0,0,1,1,0
0.107175544,180.594635,0,1,1,1,1,3,2,1,2,0,1,0,1,1,2
0,339.8694458,0,0,0,0,0,1,0,0,1,0,0,0,0,0,0
0.849259198,43.82934952,0,0,1,0,0,2,0,3,3,2,1,0,2,1,0
0,7.848903179,0,0,0,0,0,0,0,0,0,0,0,0,0,0,0
0,37.35023499,0,0,0,0,0,3,3,3,3,1,2,2,3,3,3
0,58.73428726,0,0,0,1,1,3,2,2,3,0,0,0,1,1,1
0,19.91994858,0,0,0,1,1,1,2,2,0,0,0,1,3,2,3
0,20.5057373,0,1,0,0,0,3,2,1,2,1,1,1,2,2,1
0.068197109,30.71618843,1,0,0,0,0,2,2,3,3,0,1,0,3,2,2
0,35.73742294,1,1,0,0,1,1,2,3,1,1,0,0,1,1,1
0,25.87508583,0,0,0,0,0,0,0,0,0,0,0,0,0,0,0
0.018923946,4.742648125,1,1,0,0,0,2,2,3,0,3,0,0,1,1,0
0,6.37725544,0,0,0,0,1,2,2,1,3,1,0,0,2,1,2
0.051509563,68.56797028,1,1,1,0,0,3,0,3,1,2,2,2,1,2,1
0,839.2127686,0,0,0,0,0,0,0,0,0,0,0,0,0,0,0
0.235971287,NA,1,0,0,0,0,3,1,2,1,1,1,1,1,1,1
0.009939243,56.36803055,0,0,0,0,0,3,1,2,2,1,0,1,1,2,3
0.962408721,22.15582085,0,1,0,0,0,3,1,2,2,0,2,2,0,2,0
0.136801213,22.68663025,1,0,0,0,0,1,1,3,1,0,1,1,2,2,1
0,323.9121094,0,0,0,0,0,0,0,0,0,0,0,0,0,0,0
0,10.5661068,0,0,1,0,1,1,3,2,2,2,0,0,2,2,2
0,10.98497009,1,1,0,0,0,3,2,2,3,1,3,1,3,3,2
0,133.7726135,0,0,0,0,0,0,0,0,0,0,0,0,0,0,0
0,212.5909576,0,0,0,0,0,0,0,0,0,0,0,0,0,0,0
0.003474388,12.20324993,0,1,1,0,0,2,2,1,1,0,1,1,1,1,1
0,366.6148987,0,0,0,0,0,0,0,0,0,0,0,0,0,0,0
0,8.643378258,0,0,0,0,0,0,0,0,0,0,0,0,0,0,0
0.063368045,72.84901428,0,0,0,0,0,2,1,2,2,1,1,1,2,2,1
0,18.41305923,0,0,0,0,0,0,0,0,0,0,0,0,0,0,0
0,1434.277466,0,1,0,0,0,2,1,3,2,1,0,0,2,1,0
0,4.656972408,0,0,0,0,0,0,0,0,0,0,0,0,0,0,0
0,2.196599245,0,0,0,1,0,0,0,0,0,0,0,0,0,0,0
0,71.95787811,0,0,0,0,0,0,0,0,0,0,0,0,0,0,0
0.054890871,245.4753723,0,0,0,0,0,3,2,3,3,0,1,1,1,1,1
0,12.2857399,0,0,0,0,0,0,0,0,0,0,0,0,0,0,0
0,100.7961884,0,0,0,0,0,0,0,0,0,0,0,0,0,0,0
0,124.7122726,0,1,1,0,0,3,3,1,0,0,0,0,0,1,0
0,9.889032364,0,1,0,0,0,2,0,2,0,0,0,0,0,2,0
0,5.573208332,1,0,0,1,0,2,3,1,3,0,0,0,3,2,1
1.613128304,466.6339417,1,0,1,0,0,3,1,3,1,2,2,2,1,1,1
0,22.6006546,0,0,0,0,0,3,3,1,2,0,0,0,0,1,2
0,1.862384558,0,0,0,0,0,0,0,0,0,0,0,0,0,0,0
0.020454908,96.09799957,0,0,0,0,1,3,2,3,1,1,3,1,2,2,2
1.725062728,681.6783447,1,0,0,0,0,3,1,3,2,1,2,1,2,1,1
0.230563194,31.71345139,1,0,0,0,0,3,1,2,1,0,1,0,1,2,1
0.05080894,3.881073236,1,0,0,0,0,2,0,3,1,0,1,0,2,1,0
0.169537529,14.84929752,1,0,1,0,1,2,2,3,1,2,1,1,2,1,0
0.55361259,705.8273315,1,0,0,0,0,3,1,2,1,1,2,1,2,1,1
0.277327359,18.17145729,0,1,0,0,0,3,2,3,2,0,1,0,2,1,0
0,5.094502926,0,0,0,0,0,3,2,2,2,1,0,0,0,2,2
0,44.01252365,0,0,0,0,0,1,2,2,2,0,0,0,1,1,1
0,14.7502861,0,0,0,0,0,2,3,2,3,1,0,0,2,2,1
0,4.658361435,0,0,0,0,0,0,0,0,0,0,0,0,0,0,0
0,56.66039658,0,0,0,0,0,0,0,0,0,0,0,0,0,0,0
0,8.250519753,0,0,0,0,1,1,2,2,2,1,1,1,1,2,1
0,239.0695038,0,0,0,0,0,0,0,0,0,0,0,0,0,0,0
0.170161888,31.32216835,1,0,0,0,0,1,2,1,1,0,2,1,2,3,0
0,187.3310547,0,0,0,0,0,2,2,3,1,0,1,1,1,1,1
0.304780871,NA,0,0,1,1,1,3,2,0,2,0,0,1,1,0,1
0.080882415,9.483694077,1,1,1,0,1,3,2,1,2,1,0,0,1,1,2
0,88.63078308,0,0,0,0,0,0,0,0,0,0,0,0,0,0,0
0,2.396102428,0,0,0,1,0,0,0,0,0,0,0,0,0,0,0
0,10.82688236,0,0,0,0,0,0,0,0,0,0,0,0,0,0,0
0,11.70246315,0,0,0,0,0,0,0,0,0,0,0,0,0,0,0
0,3.427639961,0,0,0,0,0,0,0,0,0,0,0,0,0,0,0
0,51.17916489,0,0,0,0,0,0,0,0,0,0,0,0,0,0,0
0,10.27331734,0,0,0,0,0,0,0,0,0,0,0,0,0,0,0
0,44.53103638,0,0,0,0,0,0,0,0,0,0,0,0,0,0,0
1.562234998,1074.244873,1,0,1,0,1,2,2,3,2,2,1,2,2,2,2
0.708904862,46.75167465,1,0,0,0,0,3,1,3,3,2,2,0,2,1,0
3.181082726,525.4371948,1,0,1,1,1,3,1,3,2,2,1,2,2,2,2
0,10.29483795,0,0,0,0,0,0,0,0,0,0,0,0,0,0,0
0,147.2808685,0,0,0,0,0,0,0,0,0,0,0,0,0,0,0
0,5.863507271,0,0,0,0,1,2,1,3,1,0,0,0,1,0,0
0,15.04170799,0,0,0,0,0,0,0,0,0,0,0,0,0,0,0
0,42.18781281,0,0,0,0,0,0,0,0,0,0,0,0,0,0,0
0,111.7716293,0,0,0,0,0,0,0,0,0,0,0,0,0,0,0
0.363942832,352.1939392,1,0,1,0,0,3,2,2,2,1,0,0,1,1,1
0.142652825,25.54748154,1,0,1,0,0,3,1,2,2,1,3,3,2,3,1
0,257.8948059,1,0,0,0,0,3,3,1,3,1,0,0,3,2,0
0,17.15826988,0,0,0,0,1,2,2,3,2,1,1,1,1,2,1
0.008683302,47.58024979,1,0,0,0,0,3,1,3,2,1,0,0,2,2,0
1.507662416,413.3633118,1,0,1,0,1,3,3,1,1,2,1,2,3,1,1
0,17.80493355,0,0,0,0,0,3,2,3,3,0,0,0,1,2,1
0.14613615,409.9858704,1,0,1,0,0,2,3,2,1,1,1,0,2,2,1
0,5.578028202,0,0,0,0,0,0,0,0,0,0,0,0,0,0,0
0,65.75276947,0,0,0,0,1,2,1,1,2,1,1,0,2,2,3
0,7.03076601,0,0,0,0,0,0,0,0,0,0,0,0,0,0,0
0.332994789,NA,0,0,0,0,1,1,1,2,3,2,1,0,1,2,2
0,17.55375862,1,0,0,0,0,3,0,2,1,0,0,0,0,0,0
0,26.5798893,0,0,0,0,0,0,0,0,0,0,0,0,0,0,0
0,22.95896339,0,0,0,1,1,1,2,2,0,0,0,1,3,2,3
0.021312824,347.2214661,1,0,1,0,0,3,3,1,1,2,1,1,3,2,1
0,5.89535141,0,0,0,0,0,0,0,0,0,0,0,0,0,0,0
0,477.7193298,0,0,0,0,0,0,0,0,0,0,0,0,0,0,0
0.104303829,4.07482481,0,0,0,0,0,2,3,3,3,2,2,0,2,2,1
0,5.725667,0,0,0,0,0,0,0,0,0,0,0,0,0,0,0
0,1.553446054,0,0,0,0,0,0,0,0,0,0,0,0,0,0,0
0,36.02342606,0,0,0,0,0,0,0,0,0,0,0,0,0,0,0
5.796804905,187.1752472,0,1,0,0,0,3,1,2,0,0,2,1,1,1,2
0,104.0762405,0,0,0,1,0,2,2,3,0,0,0,0,0,0,0
3.377708197,277.2850647,1,1,0,0,0,3,3,2,2,1,2,1,2,2,1
0,22.66200829,0,0,1,0,0,3,3,3,1,1,1,1,1,1,1
0,32.31624603,0,1,0,0,1,3,1,3,2,2,2,2,3,2,2
0,105.8711395,0,1,0,1,0,1,2,0,2,0,0,0,1,1,0
0,43.94057083,0,1,0,0,0,2,2,3,1,1,0,0,1,1,1
0.019705895,15.90525246,0,0,0,0,0,2,2,2,3,0,0,0,2,1,1
0,43.87580109,0,0,1,0,0,2,2,1,1,0,0,3,1,0,1
0,45.83240891,0,0,1,0,0,2,2,1,1,0,0,0,0,0,0
0.003609423,10.09917927,0,0,0,0,0,3,3,2,2,3,2,1,3,3,3
4.71151495,173.3388672,1,1,1,0,1,3,2,3,2,1,2,0,2,1,1
0,12.46077728,0,0,0,0,0,2,2,3,2,2,0,0,3,2,1
0,118.4264221,1,0,1,1,0,1,2,1,2,0,0,0,2,1,1
5.259371758,435.6832275,1,0,0,0,0,3,2,2,1,1,1,1,2,1,1
2.683341503,67.44982147,1,1,0,0,1,3,2,1,2,1,2,1,1,1,1
0,3.823569775,0,1,1,0,0,1,2,1,1,0,0,0,2,3,2
0,13.13897991,0,0,0,0,0,0,0,0,0,0,0,0,0,0,0
0,17.89147758,0,0,1,0,0,2,0,2,3,0,0,0,3,0,0
0.052146271,14.33055687,1,0,0,0,0,2,1,2,0,0,1,0,1,1,0
0,139.6734772,0,0,0,0,0,0,0,0,0,0,0,0,0,0,0
0,61.1723671,0,0,1,1,1,2,2,2,0,2,0,0,1,1,1
0,11.83197689,0,0,0,0,0,0,0,0,0,0,0,0,0,0,0
0.015055908,152.5870667,1,0,1,0,0,3,1,3,2,0,2,1,1,2,1
0,13.67614365,1,0,1,0,0,0,2,0,0,2,0,0,2,0,0
0,1.10125792,0,0,0,0,0,0,0,0,0,0,0,0,0,0,0
0.041359339,24.48369217,1,0,0,0,0,2,2,3,3,1,1,1,2,2,1
0,58.03330994,0,1,0,0,0,2,2,3,1,2,1,1,2,1,2
0,42.21871185,0,0,0,0,0,0,0,0,0,0,0,0,0,0,0
0,309.614502,0,0,0,0,0,0,0,0,0,0,0,0,0,0,0
0,1.468501925,0,0,0,0,0,0,0,0,0,0,0,0,0,0,0
0,10.80914974,0,0,1,0,0,3,3,1,1,3,2,1,2,2,1
0.879338682,395.8323059,1,0,1,0,0,3,3,2,1,1,1,2,1,1,0
2.719951391,337.8582764,1,0,0,0,1,3,2,1,2,2,2,1,1,1,0
0,108.9591827,0,0,0,0,0,0,0,0,0,0,0,0,0,0,0
0.158365786,308.1391907,1,1,0,1,1,3,2,1,1,2,1,2,1,1,1
0,9.756644249,1,0,0,0,0,1,3,1,1,2,1,1,1,1,1
0.494808316,260.0499573,1,0,0,0,0,2,1,3,0,0,2,0,1,1,0
0,348.234375,0,0,0,0,0,0,0,0,0,0,0,0,0,0,0
0,0,0,0,1,0,0,0,3,0,1,3,0,0,0,1,0
0,33.76257324,0,0,1,1,0,2,2,1,2,0,0,0,1,1,1
0,59.10712051,0,0,0,1,1,3,2,2,3,0,0,0,1,1,1
0,111.3949738,0,0,0,1,1,3,3,2,3,0,1,1,2,2,1
0.094943047,8.053703308,1,0,0,0,0,2,0,3,2,0,0,0,2,2,0
0.005018953,7.256272316,1,1,0,0,0,2,2,2,3,3,2,2,2,3,1
1.978884339,136.6976624,1,1,0,0,1,3,1,2,1,2,1,2,1,2,1
0,150.6095734,1,0,1,1,0,3,2,3,1,1,0,0,2,1,1
0.371310472,16.6569767,1,0,0,0,0,3,3,3,2,2,3,2,1,1,1
0,70.51123047,0,0,0,0,0,0,0,0,0,0,0,0,0,0,0
0,2.268361092,0,0,0,0,0,0,0,0,0,0,0,0,0,0,0
0.261245757,45.68985748,1,0,0,0,1,2,2,3,3,0,2,1,2,2,0
0,1.841286421,0,0,0,0,0,0,0,0,0,0,0,0,0,0,0
0.175439537,18.70863342,1,0,0,0,0,2,1,3,1,0,1,1,2,2,0
0.022585168,6.915414333,1,1,1,0,1,3,2,1,2,1,0,0,1,1,2
0,10.12046242,0,0,0,0,0,0,0,0,0,0,0,0,0,0,0
0.014834633,298.6538696,0,0,0,0,0,2,2,3,2,0,1,1,2,2,1
0,86.3037796,0,0,0,0,0,0,0,0,0,0,0,0,0,0,0
0,10.89101601,0,0,0,0,0,0,0,0,0,0,0,0,0,0,0
0,29.77754021,0,0,0,0,0,0,0,0,0,0,0,0,0,0,0
0,630.2542725,0,1,0,0,1,3,2,0,0,0,0,0,0,1,0
0.020835668,8.934020996,0,1,1,0,0,3,1,1,1,0,0,0,0,2,1
1.421206713,757.5705566,0,0,1,0,1,2,1,2,2,0,2,3,3,2,1
0,56.73633194,0,0,0,0,0,3,2,2,2,0,1,1,2,1,2
0.293877006,13.64225292,1,0,0,0,1,3,2,1,0,0,0,0,1,0,0
0,131.8641663,0,0,0,0,0,2,1,3,1,0,1,1,2,2,1
0.010116748,71.31336212,0,0,0,0,0,2,1,2,2,1,1,1,2,2,1
0,2.541443825,0,0,0,0,0,0,0,0,0,0,0,0,0,0,0
0.391839653,200.4224701,1,0,0,0,1,3,3,3,2,3,3,2,2,2,1
3.223181009,1971.250977,0,0,0,0,0,2,2,3,0,2,1,1,3,1,0
0,2.606957197,0,0,0,0,0,0,0,0,0,0,0,0,0,0,0
0.304934382,64.28613281,1,0,0,0,0,3,0,0,0,1,1,0,2,2,0
0.066036411,12.71112633,1,0,0,0,0,2,1,2,0,0,1,0,1,1,0
0.080401741,80.81018829,1,0,1,0,0,3,1,1,1,1,1,1,2,1,1
0.18159093,385.9573364,1,0,1,0,0,2,3,2,1,1,1,0,2,2,1
0,26.29039001,0,0,0,0,0,0,0,0,0,0,0,0,0,0,0
0,5.131783485,0,0,0,0,0,0,0,0,0,0,0,0,0,0,0
0.309338659,453.8473206,1,0,1,0,0,3,3,3,2,0,1,0,2,1,1
0.001045226,132.4217682,0,0,0,0,0,2,1,2,3,1,0,0,2,1,3
0,1.510163784,0,0,0,0,0,0,0,0,0,0,0,0,0,0,0
0,12.18089199,0,0,0,0,0,0,0,0,0,0,0,0,0,0,0
0,11.89578819,0,0,0,0,0,0,0,0,1,0,0,0,0,1,1
0,19.1738205,0,0,0,0,0,1,2,1,1,1,0,0,1,2,1
0.024781678,1.315174103,1,0,1,1,1,3,2,3,2,2,2,0,1,2,0
0.065104008,250.5359497,0,0,0,0,0,2,3,1,1,2,1,1,1,1,0
0,63.02399063,0,0,1,0,1,3,3,3,3,3,3,3,3,3,2
0,43.51028824,0,0,0,0,0,1,2,2,2,0,0,0,1,1,1
0,26.15944099,0,0,0,0,0,0,0,0,0,0,0,0,0,0,0
0,522.1852417,0,0,0,0,0,0,0,0,0,0,0,0,0,0,0
0,7.471698761,0,0,0,0,0,0,0,0,0,0,0,0,0,0,0
0.235981315,42.16400528,1,0,0,0,0,3,2,3,1,2,0,0,3,2,0
0,28.08263779,0,0,0,0,1,1,1,2,1,2,2,2,2,2,2
0,13.11040974,0,0,0,0,0,0,2,3,1,0,0,0,1,1,0
1.987031102,507.7336731,1,0,1,0,0,2,1,3,2,1,0,0,1,0,1
1.512793064,647.6014404,0,0,0,0,0,3,2,3,3,1,1,0,1,1,1
0.024609938,269.3194275,0,0,0,0,0,2,3,1,1,2,1,1,1,1,0
0,31.6465416,0,0,0,0,0,0,0,0,0,0,0,0,0,0,0
0.081017435,31.56422806,1,0,0,0,0,2,2,3,3,0,1,0,3,2,2
0,12.78946972,0,0,0,0,0,0,0,0,0,0,0,0,0,0,0
0.048120108,27.4265995,1,0,0,0,0,2,2,3,3,1,1,1,2,2,1
0.005764809,14.08028126,1,0,1,0,1,3,1,2,1,0,1,0,2,2,1
0.020463336,2.285689116,1,0,1,0,0,2,2,3,1,2,3,0,0,2,1
3.492907286,85.9855957,1,1,1,0,0,2,1,3,1,2,3,3,2,2,1
0,150.0720978,0,0,0,0,0,0,0,0,0,0,0,0,0,0,0
0.009892019,14.82210636,0,0,0,1,1,3,2,3,2,1,1,0,1,1,0
0.002641705,NA,1,0,1,0,1,3,1,2,1,0,1,0,2,2,1
0.185664982,207.0378571,1,0,1,0,1,1,1,3,0,1,2,2,1,1,1
0.077082619,305.6857605,1,1,1,1,1,3,3,3,2,1,2,1,2,1,2
0,46.84579849,0,0,0,0,0,2,1,1,2,1,0,1,1,2,2
0,18.35317612,0,0,0,0,0,0,0,0,0,0,0,0,0,0,0
0,141.6511688,1,1,0,1,0,2,1,1,1,1,1,1,2,1,2
0.055246446,20.06278992,1,0,0,0,0,3,1,2,0,3,2,1,0,0,0
0,211.2812195,0,0,1,0,1,3,0,1,1,0,0,0,0,1,0
0,26.93123055,1,0,0,0,0,2,1,3,2,0,0,0,3,1,1
0,209.9530487,0,0,0,0,0,0,0,0,0,0,0,0,0,0,0
0,214.6825409,0,1,0,0,0,2,2,3,1,0,0,0,2,1,1
0,10.71977901,0,0,0,0,0,0,0,0,0,0,0,0,0,0,0
0,156.9134064,0,0,0,0,0,0,0,0,0,0,0,0,0,0,0
0,3.26915741,0,0,0,0,0,0,0,0,0,0,0,0,0,0,0
3.51019311,85.54251862,1,1,1,0,0,2,1,3,1,2,3,3,2,2,1
0,9.663094521,0,0,0,0,0,0,0,0,0,0,0,0,0,0,0
0,12.68283081,0,0,0,0,1,1,3,0,1,2,0,0,2,2,1
1.395153522,764.7626953,1,0,1,0,1,3,2,1,2,1,3,3,2,2,1
0.183478668,20.80119896,1,0,0,1,1,3,1,3,2,0,3,3,1,1,1
0.024371516,2616.210449,0,0,1,1,1,3,3,0,1,1,2,1,0,1,0
0,7.235848904,0,0,0,0,0,2,1,2,1,0,0,0,2,3,2
0,41.39891434,0,0,0,0,0,0,0,0,0,0,0,0,0,0,0
0,308.8937073,0,0,0,0,0,0,0,0,0,0,0,0,0,0,0
0.005026125,6.794495106,1,0,0,0,0,2,2,3,3,0,0,0,1,0,0
0.138444528,445.4898376,0,0,0,0,1,3,2,1,1,2,0,2,1,1,2
0,17.3217144,0,0,0,0,0,0,0,0,0,0,0,0,0,0,0
0,216.3516083,0,1,0,0,0,2,2,3,1,0,0,0,2,1,1
0,7.729464054,0,0,0,0,0,0,0,0,0,0,0,0,0,0,0
0,3.362366438,0,0,0,0,0,0,0,0,0,0,0,0,0,0,0
0,53.01029205,0,0,0,0,0,0,0,0,0,0,0,0,0,0,0
0.626375735,54.65546799,1,1,1,0,0,3,2,1,2,3,1,0,2,2,1
22.44782448,888.8919067,1,0,0,1,1,3,1,3,2,3,2,0,2,2,0
0,189.0814209,1,0,1,1,0,3,2,3,1,1,0,0,2,1,1
0,54.13537598,0,0,0,0,1,3,1,1,0,0,0,0,0,1,1
0,11.37969112,0,1,0,0,0,2,2,3,2,3,1,1,1,2,0
0.011477187,9.911714554,0,1,0,0,0,3,0,2,2,0,0,0,2,2,2
0,10.98612118,0,0,0,0,0,0,0,0,0,0,0,0,0,0,0
0,5.351290703,0,1,0,0,0,3,1,2,1,2,0,0,2,2,2
0.134136871,31.5072937,1,0,0,0,0,3,2,2,0,0,0,2,0,3,2
0,1.344485521,0,1,0,0,0,3,2,2,3,0,1,1,2,2,1
0,12.61787224,0,0,0,0,0,0,0,0,0,0,0,0,0,0,0
0,10.40058708,0,0,0,0,0,0,0,0,0,0,0,0,0,0,0
0,789.3459473,0,0,0,0,0,0,0,0,0,0,0,0,0,0,0
0,11.99296093,0,0,0,0,0,0,0,0,0,0,0,0,0,0,0
0,42.27046967,0,0,0,0,0,0,0,0,0,0,0,0,0,0,0
0,113.6356964,0,0,0,0,0,1,3,0,0,0,0,0,3,1,0
0,18.26627731,0,1,1,0,0,2,3,3,3,3,1,0,3,3,3
0,11.9730854,0,0,0,0,0,0,0,0,0,0,0,0,0,0,0
0,10.39015961,0,0,0,0,0,3,1,0,1,0,0,0,2,3,2
0.217796296,142.2121277,1,0,0,0,0,3,2,2,1,0,0,0,1,0,0
0,3.918684483,0,0,0,0,0,2,0,0,2,0,0,0,0,0,0
0,159.7525482,0,0,0,0,0,2,2,3,1,0,1,1,1,1,1
0,13.85323906,0,0,0,0,0,0,0,0,0,0,0,0,0,0,0
0,17.97483635,0,0,0,0,0,0,0,0,0,0,0,0,0,0,0
0,NA,1,0,0,0,0,2,2,3,3,3,1,1,2,2,2
0.040809199,16.33176231,1,0,0,0,0,3,1,2,1,0,0,0,1,1,0
0,4.736627102,0,0,0,0,0,2,2,3,1,0,2,0,1,3,1
2.66745615,402.6490173,1,1,0,0,0,2,1,3,3,0,1,0,3,2,1
0,5.026027679,0,1,0,0,0,3,1,1,2,0,2,2,2,2,0
0.949065149,53.64952087,1,0,0,0,0,3,2,3,1,1,0,0,2,2,1
0,66.18782806,0,0,0,0,0,2,1,2,2,2,0,0,2,2,1
0.300461203,147.0942993,1,1,1,0,1,2,1,3,1,1,0,0,1,2,0
0,2.536148071,0,0,0,0,0,0,0,0,0,0,0,0,0,0,0
0,57.55652237,0,1,0,0,0,3,1,3,2,2,2,1,1,1,0
0,20.55354309,0,0,1,0,0,3,2,3,1,0,0,0,1,1,0
0.045026496,9.08283329,0,1,1,1,1,2,3,3,2,2,1,1,1,2,1
1.182745218,116.5619278,1,0,1,0,0,3,1,3,1,2,1,0,1,1,0
3.137553692,110.8947678,1,0,1,1,1,3,1,3,1,0,2,2,2,2,0
0.020757321,3.769561768,1,0,0,0,0,3,1,3,0,2,0,0,0,0,0
0,19.98383713,0,0,0,0,0,0,0,0,0,0,0,0,0,0,0
1.412618876,113.4590607,1,0,1,0,0,2,3,2,2,1,2,2,2,2,1
0,80.45967102,0,0,0,0,0,0,0,0,0,0,0,0,0,0,0
0,2377.212402,1,0,1,1,1,3,3,3,2,3,3,1,2,2,0
1.765983224,295.045105,1,0,1,0,0,2,3,3,3,1,0,0,0,1,1
0,36.61532974,0,0,0,0,0,3,0,3,3,0,2,0,0,2,0
0,47.15718842,0,0,0,0,0,1,2,2,1,1,0,0,2,2,2
0,6.706805706,0,0,0,0,0,0,0,0,0,0,0,0,0,0,0
0,213.2523193,0,0,0,0,0,0,0,0,0,0,0,0,0,0,0
0,4.788352013,0,0,0,0,0,0,0,0,0,0,0,0,0,0,0
0.300633043,103.5025864,0,0,0,0,1,1,1,2,3,2,1,0,1,2,2
0.019812599,14.87660313,0,0,0,0,1,3,0,3,1,0,0,0,0,2,0
0,7.819052219,0,0,0,0,0,0,0,0,0,0,0,0,0,0,0
1.23214376,1050.883789,0,1,0,0,1,3,3,3,1,0,1,1,2,2,0
0.304896951,106.1864548,1,1,1,0,1,2,1,3,1,1,0,0,1,2,0
0,22.06317711,0,0,0,0,0,0,0,0,0,0,0,0,0,0,0
0.04294011,58.914814,1,0,1,0,0,2,3,3,3,1,1,1,3,2,1
0.905781627,82.04688263,1,0,0,0,0,3,1,3,2,1,3,3,2,2,2
0,8.314002037,0,0,0,0,0,0,0,0,0,0,0,0,0,0,0
2.19664216,184.4449768,1,0,0,0,0,3,1,2,1,0,2,2,1,1,0
0,167.6331177,0,0,0,0,0,0,0,0,0,0,0,0,0,0,0
0,128.0692139,0,0,1,0,1,2,2,1,2,1,1,2,2,2,1
0,39.98094177,0,0,0,0,0,0,0,0,0,0,0,0,0,0,0
0,121.2601776,0,0,0,1,0,3,2,3,3,1,1,2,2,2,2
0,44.60911942,0,1,0,1,0,1,2,0,2,0,0,0,1,1,0
0.013152233,6.556698799,1,0,0,0,0,2,0,3,1,0,3,3,1,2,2
0.026830029,13.73679161,1,0,0,0,0,2,1,2,0,0,1,0,1,1,0
0,NA,0,0,0,0,0,0,0,0,0,0,0,0,0,0,0
0,10.03373146,0,0,0,0,0,2,2,2,2,2,2,2,2,2,2
0,67.5719986,0,0,0,0,0,1,2,3,2,2,0,0,0,0,1
0,922.1522217,0,0,0,0,0,0,0,0,0,0,0,0,0,0,0
0,177.4437256,1,1,1,0,0,3,2,2,2,1,1,0,2,2,2
0,72.9175415,1,1,0,1,1,3,2,0,0,1,2,0,0,1,1
0.019018766,22.18639755,0,0,1,0,1,2,2,2,3,2,1,1,2,2,1
0,269.4239502,0,0,0,0,0,0,0,0,0,0,0,0,0,0,0
0.153269291,128.0447845,1,0,0,0,0,2,1,2,1,0,3,2,1,1,3
0,114.7509537,1,0,1,1,0,1,2,1,2,0,0,0,2,1,1
0.010324935,84.83737183,0,0,0,0,0,2,2,2,2,2,2,2,2,2,2
0.686980128,12.41818619,0,0,0,0,0,3,1,2,2,1,2,0,1,2,2
0,218.6009827,0,1,0,1,1,2,1,1,3,0,1,1,3,2,3
1.169261336,8.528588295,0,0,0,0,0,2,0,0,1,0,3,0,2,3,1
0,9.152312279,0,0,0,0,0,0,0,0,0,0,0,0,0,0,0
0,28.61336136,0,1,0,0,0,3,0,2,2,0,0,0,0,0,1
0,11.82042122,0,0,0,0,0,2,2,3,2,2,0,0,3,2,1
0,151.8027649,0,0,0,0,0,0,0,0,0,0,0,0,0,0,0
0,3.74882412,0,0,0,0,0,0,0,0,0,0,0,0,0,0,0
0,176.2259064,0,0,0,0,0,3,1,2,1,0,0,0,0,1,0
0,0.88082093,0,0,0,0,0,0,0,0,0,0,0,0,0,0,0
0.266949087,126.1227646,1,1,1,1,1,2,3,1,1,1,1,1,3,2,1
0,34.37074661,0,0,0,0,0,0,0,0,0,0,0,0,0,0,0
0,81.48934937,0,0,0,0,0,0,0,0,0,0,0,0,0,0,0
0,49.12450409,0,0,0,0,0,0,0,0,0,0,0,0,0,0,0
0,72.38735962,0,0,1,0,0,2,3,1,0,1,1,1,2,2,1
2.270103693,273.7397156,1,0,1,0,0,3,3,2,2,0,1,0,2,2,1
0,157.4713593,0,0,0,0,0,0,0,0,0,0,0,0,0,0,0
0,27.39563179,0,0,0,0,0,0,0,0,0,0,0,0,0,0,0
0,42.18727112,0,0,0,0,0,2,1,2,1,0,0,0,0,0,0
7.604572296,59.91014862,0,1,1,0,1,3,2,2,1,0,2,1,0,2,0
0.013364516,5.891938686,1,0,0,0,0,3,2,3,1,0,2,0,0,2,1
0,40.82456589,0,0,0,0,0,3,3,3,3,1,2,2,3,3,3
0,52.82543182,0,0,0,0,0,3,2,2,3,1,3,2,2,2,2
0,271.2358704,0,0,1,0,1,3,3,2,1,2,1,0,2,1,0
0,65.48342133,0,0,0,0,0,0,0,0,0,0,0,0,0,0,0
0.015246434,48.26314163,0,0,1,0,1,3,2,3,1,2,0,0,1,2,1
0,3.359439611,0,0,0,0,0,0,0,0,0,0,0,0,0,0,0
0.125347525,16.73299789,1,0,0,0,0,3,1,2,2,1,3,3,2,2,0
0,10.52041721,0,0,0,0,0,0,0,0,0,0,0,0,0,0,0
0,59.36528397,0,1,1,0,0,0,2,2,2,2,0,0,1,2,1
0,41.16645813,0,0,0,0,0,0,0,0,0,0,0,0,0,0,0
0.010529099,2.744253874,0,0,0,0,0,2,2,2,3,0,1,1,2,2,2
0.262978494,441.8744507,0,0,1,1,1,3,2,0,2,0,0,1,1,0,1
0,24.9559288,0,0,0,0,0,3,2,2,2,0,0,0,2,1,1
0.716762424,14.08788013,0,0,0,0,0,3,1,2,2,1,2,0,1,2,2
2.669872046,66.94125366,1,1,0,0,1,3,2,1,2,1,2,1,1,1,1
0,30.42173767,0,0,0,0,0,0,0,0,0,0,0,0,0,0,0
0.023047749,16.58286667,1,0,1,0,0,3,1,2,2,2,0,0,2,1,0
0.001425626,1.788617849,0,0,1,0,1,2,1,2,2,0,0,0,0,3,2
0.166624337,11.06578445,0,1,1,0,0,3,1,2,1,1,0,0,1,1,0
0,123.0988846,0,1,0,1,0,3,3,3,3,0,2,1,2,1,2
0,41.75183105,0,0,0,0,0,0,0,0,0,0,0,0,0,0,0
0.004510727,13.19807053,0,0,0,0,0,1,2,2,1,2,1,0,2,3,3
0,3.478987694,0,0,0,0,0,0,0,0,0,0,0,0,0,0,0
0,56.08528137,0,0,0,0,0,1,1,1,1,1,2,0,1,1,0
0.064168423,8.648112297,0,0,0,0,0,2,1,1,1,3,1,1,2,2,1
0,86.28482819,0,0,1,0,1,1,2,2,1,0,0,0,1,1,0
0,38.44473648,1,0,0,0,0,3,3,3,2,1,1,1,1,2,1
1.310765624,213.670166,1,1,1,0,0,3,2,2,2,1,2,2,2,2,1
0.112568431,43.63230133,0,0,0,0,1,2,3,2,2,1,0,0,1,2,1
0,14.5750227,0,0,0,0,0,0,0,0,0,0,0,0,0,0,0
0,65.34225464,0,0,0,0,1,2,2,1,1,0,0,0,1,2,1
0,7.547430515,0,0,0,0,0,0,0,0,0,0,0,0,0,0,0
0,13.66848469,0,1,0,0,0,1,3,2,2,0,1,1,2,3,1
0.117236681,305.3111572,1,0,0,0,0,2,1,1,2,1,1,1,1,1,1
0.050130729,19.92177391,0,1,0,0,0,3,2,3,2,2,2,1,2,2,1
0,18.31533241,0,0,0,0,0,2,2,0,1,1,0,0,0,1,0
0,912.1343384,0,0,0,0,0,0,0,0,0,0,0,0,0,0,0
0,1064.605591,0,1,0,0,1,3,1,1,2,0,0,0,0,2,1
0,76.9442749,0,0,0,0,0,0,0,0,0,0,0,0,0,0,0
0,7.108166218,1,1,0,0,0,3,1,3,0,0,0,0,0,0,1
0,167.9972687,0,0,0,0,0,2,0,2,2,0,0,0,0,1,0
0,171.6062469,0,0,0,0,0,0,0,0,0,0,0,0,0,0,0
0.006902659,2.309086561,0,1,0,0,0,3,0,2,0,0,0,0,0,3,0
0,228.3462677,0,0,0,0,0,0,0,0,0,0,0,0,0,0,0
0.008351127,36.6889534,1,0,0,0,1,3,1,3,1,2,0,0,1,0,0
0,9.577253342,0,0,0,0,0,0,0,0,0,0,0,0,0,0,0
0,32.41607666,0,0,0,0,0,0,0,0,0,0,0,0,0,0,0
0,328.2254944,0,1,0,0,0,3,2,1,1,0,1,0,0,1,3
0.107617058,333.2253723,0,0,1,0,1,2,3,3,3,2,1,0,2,2,2
0,178.59935,0,0,1,0,1,1,2,2,1,0,0,0,1,1,0
6.984906673,842.2005615,1,0,1,1,1,3,2,3,3,2,1,0,1,1,0
0,5.491972923,0,0,0,0,0,3,2,2,2,1,0,0,0,2,2
0,93.15477753,0,0,0,0,0,0,0,0,0,0,0,0,0,0,0
0,118.1695404,0,0,0,0,0,0,0,0,0,0,0,0,0,0,0
0,9.051001549,0,0,0,0,0,0,0,0,0,0,0,0,0,0,0
1.492794871,702.5770264,1,0,1,0,0,3,1,3,2,3,2,1,1,1,2
4.804694653,489.2104797,1,0,1,0,0,3,2,2,2,1,1,1,1,2,1
0.105997719,30.27713966,1,0,0,0,0,3,2,2,0,0,0,2,0,3,2
0.081275493,72.88850403,0,0,0,0,0,1,0,3,2,1,1,0,3,2,0
2.77872467,695.9164429,1,0,1,0,0,3,2,2,2,3,2,1,2,2,2
0,46.0630455,0,0,0,0,0,0,0,0,0,0,0,0,0,0,0
0.586631477,528.3034668,1,0,0,0,1,1,1,3,1,1,0,0,1,1,0
0.538501799,182.9988861,1,0,0,0,1,2,1,2,1,0,2,1,2,1,1
0.607014835,164.7465363,1,1,0,0,0,3,2,3,1,0,1,0,2,2,1
0.022394335,17.42080307,0,0,0,0,1,3,0,3,1,0,0,0,0,2,0
0.052380372,16.0022831,1,0,1,1,0,3,2,3,1,1,0,0,0,1,0
0.959400058,552.4529419,0,0,0,0,0,3,2,3,2,2,1,1,1,1,1
0,119.7899551,0,0,0,0,0,2,1,1,3,2,1,1,2,2,2
0,11.08620739,0,0,0,0,0,0,0,0,0,0,0,0,0,0,0
0.234020114,288.4416199,1,0,1,0,0,3,3,2,2,2,3,1,1,0,0
0.009215557,14.82249832,0,0,1,0,0,1,1,2,2,0,0,0,1,0,0
0.074759893,7.532218933,1,0,1,0,0,3,3,3,2,2,0,0,1,1,0
0.523732245,2150.377197,0,0,1,1,1,3,2,3,1,1,1,1,1,1,1
0.111028545,NA,1,0,1,1,1,3,2,3,2,1,1,0,3,1,1
0,6.440692425,0,0,0,0,0,2,1,2,1,0,1,1,1,1,1
0.05235184,15.68418503,1,0,0,0,0,2,1,3,0,3,1,0,1,2,0
0,170.136322,0,0,0,0,0,0,0,0,0,0,0,0,0,0,0
0.021180557,6.655839443,1,0,0,0,0,2,0,3,1,0,3,3,1,2,2
0,90.36946869,0,0,0,0,0,0,0,0,0,0,0,0,0,0,0
0.020033494,31.38659286,0,0,0,0,0,3,2,3,1,0,0,0,1,1,0
0,13.8242712,0,0,0,0,0,0,0,0,0,0,0,0,0,0,0
0,70.23517609,0,0,0,0,0,0,0,0,0,0,0,0,0,0,0
0,7.37388134,0,0,0,0,0,0,0,0,0,0,0,0,0,0,0
0.079506151,17.92256355,0,1,0,0,0,3,1,3,1,0,0,0,1,1,0
0,1.242477894,0,0,0,0,0,0,0,0,0,0,0,0,0,0,0
11.50092602,1110.668091,1,1,1,1,0,3,1,3,2,1,1,1,1,1,1
0,17.95005417,0,0,0,0,0,0,0,0,0,0,0,0,0,0,0
0.374106497,210.4345856,1,0,0,0,0,3,2,3,2,0,0,0,1,0,0
0,27.19490433,0,0,0,0,0,0,0,0,0,0,0,0,0,0,0
0,7.886452675,0,0,0,0,0,0,0,0,0,0,0,0,0,0,0
0,6.265532494,0,0,0,0,0,0,2,2,0,0,0,0,1,2,0
0.019532772,29.14590836,0,0,0,0,0,3,2,3,1,0,0,0,1,1,0
7.058255672,555.2907104,1,0,0,0,0,3,2,2,2,1,3,3,2,3,2
0.124651268,18.67903519,0,0,0,0,0,2,3,3,2,3,0,0,2,1,0
0,7.862564087,0,0,0,0,0,0,0,0,0,0,0,0,0,0,0
0,17.89592552,0,1,0,0,1,1,1,2,0,0,1,2,2,3,3
0,78.74694061,0,0,0,0,0,0,0,0,0,0,0,0,0,0,0
1.513235927,553.1229858,1,0,1,0,0,2,2,2,1,2,1,0,0,1,0
3.22393918,1986.235229,0,0,0,0,0,2,2,3,0,2,1,1,3,1,0
0,7.421992779,0,0,0,0,0,0,0,0,0,0,0,0,0,0,0
0.062643737,23.20265579,1,0,0,0,0,2,1,3,1,1,1,0,2,1,0
0,335.5567322,0,0,0,0,0,3,2,2,1,1,1,0,0,2,0
0,41.54990387,0,0,0,0,0,2,0,3,2,0,0,0,0,1,2
0.009011252,67.71169281,1,0,0,0,0,2,2,2,1,0,1,1,3,2,1
0,4.960687637,0,0,0,0,0,2,0,0,2,0,0,0,0,0,0
0,49.74180222,0,0,0,0,0,0,0,0,0,0,0,0,0,0,0
0.008454517,59.36937714,1,0,0,0,0,2,2,2,2,1,1,0,2,2,0
8.941815376,1516.591064,1,0,1,1,1,3,1,2,1,2,2,2,2,2,2
0,38.79668808,0,0,1,0,0,1,1,3,0,0,1,0,0,0,0
0,25.00765991,0,0,0,0,0,0,0,0,0,0,0,0,0,0,0
0.047520667,27.30328941,0,0,0,0,0,1,0,2,2,0,0,0,1,2,1
0.259258479,4.393876553,1,0,1,0,0,1,2,3,1,0,0,0,2,1,0
0,8.148532867,0,0,0,0,0,0,0,0,0,0,0,0,0,0,0
0,227.4514465,0,1,1,0,0,3,1,3,2,0,0,0,0,1,1
0.019590557,44.42147827,1,0,1,0,0,3,1,2,1,0,1,1,2,2,0
0.166379914,207.3849182,1,0,0,0,0,3,2,2,2,2,2,1,2,2,1
0,31.57375526,0,0,0,0,0,1,2,2,1,0,0,0,0,1,1
0,33.62218094,0,0,0,0,0,0,0,0,0,0,0,0,0,0,0
0.115315162,32.67985153,1,0,1,0,0,3,3,3,3,1,2,0,1,2,2
0,9.261957169,0,0,0,0,0,3,1,1,1,0,1,0,1,0,0
0.090984516,6.578600407,1,1,1,0,0,3,1,2,2,1,3,2,2,3,1
0.05958388,22.41612434,1,0,1,0,0,2,1,3,2,0,1,1,1,1,1
0,7.756671906,0,0,0,0,0,0,0,0,0,0,0,0,0,0,0
0,34.76171494,0,1,1,0,0,3,2,2,2,2,2,2,2,3,2
0,16.00791168,0,0,0,0,0,0,0,0,0,0,0,0,0,0,0
0,24.4179039,0,0,0,0,0,1,1,1,1,0,0,0,0,0,1
2.587069035,82.82395172,1,1,0,0,0,3,2,3,2,0,1,1,2,1,1
0,15.05400944,0,0,0,0,0,3,2,2,3,2,2,3,1,2,1
0,9.492910385,0,0,0,0,0,0,0,0,0,0,0,0,0,0,0
0.002328098,3.857500315,0,1,0,0,0,3,2,1,1,0,0,0,0,1,0
0,19.52185631,0,0,0,0,0,0,0,0,0,0,0,0,0,0,0
0.061039813,59.85925293,0,0,0,0,1,3,3,0,2,2,2,1,1,2,2
0,18.55535889,0,0,0,0,1,1,2,2,2,0,1,2,2,3,1
0,6.774138451,0,0,0,0,0,3,0,0,1,0,0,0,1,1,1
0,8.180989265,1,0,1,0,0,2,3,2,3,2,0,0,2,0,0
0,543.5811768,0,0,0,0,0,0,0,0,0,0,0,0,0,0,0
0,774.5579834,0,0,0,0,0,0,0,0,0,0,0,0,0,0,0
0.309748739,49.20005035,1,0,0,0,1,2,2,3,3,0,2,1,2,2,0
0,244.1869507,0,0,0,0,1,3,2,2,2,0,1,0,2,1,2
0,119.1142883,0,1,0,0,0,1,3,1,2,2,3,2,1,1,1
0,255.394989,0,0,0,0,0,0,0,0,0,0,0,0,0,0,0
0,246.304718,0,0,1,0,0,3,1,3,2,1,1,1,2,1,1
0.644204199,54.65668488,1,1,1,0,0,3,2,1,2,3,1,0,2,2,1
0.119259089,15.0260849,1,0,1,0,0,3,1,3,2,0,2,1,1,1,0
0.552779794,186.524231,1,0,1,0,0,2,1,3,2,1,1,0,2,2,1
0.004858169,25.6891613,0,1,1,1,1,2,3,2,1,3,0,0,1,1,2
0,42.00258255,1,0,0,0,0,3,1,3,2,1,1,1,1,1,1
0.495100409,1171.542603,0,1,0,0,0,2,2,2,3,0,2,2,2,2,2
0,366.8218079,0,0,1,0,1,3,1,1,2,0,0,0,0,0,1
0,13.3083353,0,0,0,0,0,0,0,0,0,0,0,0,0,0,0
1.515240073,415.3133545,1,0,1,1,0,3,3,2,3,1,2,1,3,3,1
0.002868939,2.122403145,0,0,0,0,1,3,2,2,2,1,0,0,2,1,0
0,106.2652893,0,0,0,0,0,0,0,0,0,0,0,0,0,0,0
3.366137266,112.1964798,1,0,0,0,0,3,0,3,3,0,2,1,2,2,2
0,64.99410248,0,0,0,1,0,2,2,2,1,0,0,0,1,1,1
0,15.90429783,0,0,0,0,0,0,0,0,0,0,0,0,0,0,0
0.259396166,123.1062393,1,0,0,0,0,2,3,3,2,1,1,0,2,2,1
2.989751577,327.4444275,1,0,1,0,0,2,2,3,2,2,0,0,1,1,0
0.39961493,263.2025452,1,0,0,0,1,3,0,2,1,1,0,0,2,1,0
0,6.045868397,0,0,0,0,1,1,1,0,0,0,1,0,0,1,0
0.108749382,138.4837341,1,0,0,0,0,2,2,1,2,1,1,1,1,2,2
3.874422312,739.6956177,0,0,0,0,0,3,3,3,3,0,2,1,2,2,1
0.186439961,7.935010433,1,0,0,0,0,3,1,2,1,0,0,2,3,3,1
0.345769227,83.41248322,1,0,0,0,0,3,3,3,2,0,3,1,2,2,1
8.991289139,1573.526855,1,0,1,1,1,3,1,2,1,2,2,2,2,2,2
0,2.319855213,1,1,0,0,0,2,3,0,1,0,0,0,1,2,0
0,23.61743736,0,0,0,0,0,0,0,0,0,0,0,0,0,0,0
0.046990927,50.14090729,1,0,1,0,0,3,3,3,2,0,0,0,1,1,0
0.201779112,99.59359741,1,0,0,0,0,2,1,3,2,2,1,0,3,3,1
0.30750224,5.653249741,0,0,1,0,0,3,0,0,0,0,2,1,0,2,0
0,574.5238647,1,0,1,0,0,3,0,3,2,0,1,1,2,2,1
0,18.43552399,0,0,0,0,0,0,0,0,0,0,0,0,0,0,0
7.800094128,200.3672333,1,0,0,0,0,3,2,2,1,0,1,0,2,1,1
0,NA,1,0,1,0,1,3,1,3,1,3,0,0,1,2,1
0,11.340168,0,0,0,0,0,0,0,0,0,0,0,0,0,0,0
0.068972729,7.616072178,1,0,0,0,0,2,0,3,1,0,3,3,1,2,2
0.725542784,337.3518372,1,0,1,0,0,3,3,1,1,1,1,0,1,1,1
0,122.11763,0,1,0,0,0,3,3,1,2,0,0,0,1,0,0
0.019034538,27.11080933,0,0,0,0,0,2,0,0,0,0,0,0,0,2,0
0,30.54049492,0,0,0,1,1,3,3,3,3,0,0,0,1,1,2
0.319990277,410.537262,0,0,1,1,1,3,2,0,2,0,0,1,1,0,1
0,76.9116745,0,0,0,0,0,0,0,0,0,0,0,0,0,0,0
0,36.45492935,0,0,0,0,0,0,0,0,0,0,0,0,0,0,0
0,16.17072105,0,0,0,0,0,3,2,1,1,2,0,0,1,2,1
0,292.6889954,0,0,1,0,0,2,3,1,1,0,1,1,2,1,1
1.373393059,167.1123047,1,0,1,0,0,2,3,2,2,1,2,2,2,2,1
0,10.35697746,0,0,0,0,0,0,0,0,0,0,0,0,0,0,0
0.028690245,12.46157551,1,0,0,0,0,2,1,2,0,0,1,0,1,1,0
0,5.121295929,0,0,0,0,0,0,0,3,0,3,0,0,0,0,0
0,51.80490875,0,0,0,0,0,0,0,0,0,0,0,0,0,0,0
0,57.91766357,0,0,0,0,0,0,0,0,0,0,0,0,0,0,0
0,38.49215317,0,1,0,0,1,3,2,2,2,0,0,0,1,1,0
0.004334315,85.37164307,0,0,1,0,1,3,2,2,1,2,3,0,2,0,1
0,25.94096565,0,0,0,0,0,0,0,0,0,0,0,0,0,0,0
0,476.8605957,1,1,0,0,1,1,3,2,2,1,1,1,1,1,1
0.130768612,31.07144547,1,0,0,0,0,1,2,1,1,0,2,1,2,3,0
0,17.02621841,0,0,0,0,0,0,0,0,0,0,0,0,0,0,0
0,30.9545002,0,0,0,0,0,3,2,3,3,0,1,0,1,1,1
0,22.69771957,0,0,0,0,1,0,0,0,0,0,0,0,0,0,0
0,0.189006239,0,0,0,0,0,3,2,1,1,0,0,0,2,2,2
0,106.5604401,0,0,0,1,1,1,1,2,1,0,0,0,1,0,1
0,62.1676712,0,0,0,0,0,0,0,0,0,0,0,0,0,0,0
0,56.7407608,0,0,0,0,0,0,0,0,0,0,0,0,0,0,0
0.066515878,20.43800926,1,0,1,0,1,2,0,3,3,0,1,1,2,2,0
0,6.611044407,0,0,0,0,0,0,0,0,0,0,0,0,0,0,0
0,44.17507172,0,0,0,0,0,0,0,0,0,0,0,0,0,0,0
22.51653481,2890.799316,1,0,0,0,0,3,1,3,2,2,2,1,2,1,1
0,79.93000031,1,0,0,0,0,2,1,2,2,0,0,0,2,0,0
0,171.7723694,0,0,0,0,0,2,1,3,1,2,1,1,0,0,1
0.017382745,11.18633366,1,0,0,0,0,2,1,3,0,3,1,0,1,2,0
0,NA,0,0,0,0,0,0,0,0,0,0,0,0,0,0,0
1.202699423,136.5993652,0,1,0,0,1,3,1,2,1,0,0,0,2,1,0
1.533736229,513.1651001,1,0,1,0,0,2,2,2,1,2,1,0,0,1,0
0,11.53392696,0,0,0,0,0,0,0,0,0,0,0,0,0,0,0
0.506337166,8.170437813,0,0,0,0,0,3,0,1,1,0,3,3,3,3,2
0,10.26765823,0,0,0,0,0,0,0,0,0,0,0,0,0,0,0
0.046631493,9.74780941,1,0,1,0,0,2,1,2,1,3,1,0,2,3,1
0,12.18843269,0,0,0,0,0,0,0,0,0,0,0,0,0,0,0
0,3.044541121,0,0,1,0,0,1,2,1,2,0,0,0,2,2,2
0,35.01800537,1,0,0,0,0,0,0,2,1,0,0,0,1,1,0
0.317331374,43.60314178,1,0,0,0,0,3,3,3,1,1,2,2,2,2,0
0.244461879,528.0557251,1,0,1,0,0,3,1,2,2,1,0,0,1,1,1
0,1.123956561,0,0,0,1,1,3,2,2,1,0,1,0,2,3,2
0,15.10541821,0,1,0,0,1,1,1,2,0,0,1,2,2,3,3
0,377.659729,0,0,1,1,0,3,3,3,2,2,2,2,1,1,1
0,86.27664948,0,0,0,0,0,1,1,1,2,1,1,1,1,1,1
0,284.9241333,0,1,0,0,0,1,2,2,3,2,1,1,2,3,3
1.629976988,489.1507568,1,0,1,0,0,3,1,3,1,2,2,2,1,1,1
0.455908269,132.5505676,1,0,1,0,1,3,3,2,2,1,1,1,2,2,1
0,3840.820068,0,1,1,1,1,3,2,3,3,0,0,0,2,1,3
0,47.38206482,0,0,1,0,0,2,3,1,2,1,0,0,2,2,0
0,9.443780899,0,0,0,0,0,0,0,0,0,0,0,0,0,0,0
0.06323199,7.620190144,1,0,0,0,0,3,2,3,3,0,2,1,1,1,1
0,NA,0,0,0,0,0,0,0,0,0,0,0,0,0,0,0
0.049051613,10.90820217,1,0,0,0,1,3,1,3,2,0,3,2,1,1,0
0,305.5751953,0,0,0,0,0,0,0,0,0,0,0,0,0,0,0
0,166.743454,0,0,0,0,0,0,0,0,0,0,0,0,0,0,0
0.353697568,77.96839142,1,0,1,0,0,2,1,0,1,1,0,0,1,1,0
0,66.86580658,0,1,1,0,0,3,3,3,1,2,2,2,2,1,1
0,302.7837219,0,0,0,0,0,0,0,0,0,0,0,0,0,0,0
0,87.79955292,0,0,0,0,0,0,0,0,0,0,0,0,0,0,0
0.021601204,226.2037201,0,1,0,1,1,3,2,2,1,0,0,0,2,1,2
4.206211567,1231.037231,1,0,1,0,0,3,2,2,2,2,1,1,0,1,0
0,3.375148535,1,0,0,0,0,3,3,1,1,0,0,0,1,0,1
0,234.1196899,0,0,1,0,0,2,1,1,2,0,0,0,1,1,3
0.089737475,49.60064316,0,1,0,0,1,3,3,1,1,3,0,0,1,1,2
0.005048736,26.48591614,1,0,0,0,0,3,2,2,2,0,0,0,2,2,1
0.11043147,4.196584225,1,0,1,0,1,3,2,2,2,1,1,0,2,3,0
0,3773.849365,0,1,1,1,1,3,2,3,3,0,0,0,2,1,3
0,320.740509,0,0,0,0,0,0,0,0,0,0,0,0,0,0,0
0.469872355,50.30198669,1,0,0,0,0,3,1,3,1,3,1,1,2,2,1
0,4.352030754,0,0,0,0,0,0,0,0,0,0,0,0,0,0,0
0,11.70473099,0,0,0,0,0,0,0,0,0,0,0,0,0,0,0
0,228.9513245,0,0,0,0,0,0,0,0,0,0,0,0,0,0,0
0,9.252837181,0,0,0,0,0,2,2,2,2,3,2,1,2,2,0
1.307721853,63.45042801,1,0,1,0,1,3,3,2,3,0,2,0,3,1,2
0,19.82109451,0,0,1,0,0,2,0,2,3,0,0,0,3,0,0
0,16.59810448,0,0,0,0,0,0,0,0,0,0,0,0,0,0,0
0,4.973130226,0,0,0,0,0,0,0,0,0,0,0,0,0,0,0
0,266.8024292,0,0,0,0,0,0,0,0,0,0,0,0,0,0,0
0,0.871092021,0,0,0,0,0,0,0,0,0,0,0,0,0,0,0
0,17.55668068,0,0,0,0,0,2,2,0,1,1,0,0,0,1,0
0,303.6636047,0,0,1,0,0,2,3,1,1,0,1,1,2,1,1
0.080432102,10.19666576,0,0,0,0,0,1,2,1,0,3,0,0,1,1,1
0.060260788,5.298843384,1,1,0,0,0,3,1,3,0,0,1,1,2,3,1
0,23.30310631,0,0,0,0,0,0,0,0,0,0,0,0,0,0,0
0,1.1968503,0,0,0,0,0,0,0,0,0,0,0,0,0,0,0
0.086529426,113.2700424,1,0,1,0,0,2,2,3,2,1,2,1,2,2,1
0,67.29696655,1,0,0,0,0,1,1,1,2,1,0,0,1,1,1
0,1.771589398,0,0,0,0,0,0,0,0,0,0,0,0,0,0,0
0,36.43336105,0,0,0,0,0,0,0,0,0,0,0,0,0,0,0
0,36.644104,0,0,0,0,0,0,0,0,0,0,0,0,0,0,0
0,12.8750658,0,0,1,0,0,2,3,2,3,1,0,0,1,1,0
0.019651368,22.55823135,1,0,0,0,0,3,2,1,1,2,0,0,1,2,1
0,12.58478451,0,0,0,0,0,0,0,0,0,0,0,0,0,0,0
0,8.873177528,0,0,0,0,0,3,0,1,1,2,0,0,0,0,0
0,77.09266663,0,1,1,0,1,3,3,3,2,2,2,2,1,1,1
0,334.1732483,0,0,1,0,1,3,3,2,1,2,1,0,2,1,0
0.296598613,75.60957336,1,1,0,0,0,3,1,3,2,0,0,0,1,1,0
0.019346526,26.08049393,0,0,0,0,0,2,0,0,0,0,0,0,0,2,0
0.275248289,84.33629608,0,1,0,0,1,3,2,1,1,1,2,2,1,3,2
0.404614955,563.8079834,0,0,0,0,0,2,2,2,2,1,1,1,1,2,2
0,58.98362732,0,1,1,0,0,3,2,1,1,1,1,1,1,1,2
0.021114776,7.20228672,1,1,0,1,1,3,3,3,3,0,1,0,3,2,1
0,113.6194687,0,0,0,1,1,3,3,2,3,0,1,1,2,2,1
0,6.194257736,0,0,0,0,0,0,0,0,0,0,0,0,0,0,0
0,21.1647892,0,0,0,0,0,3,1,1,2,0,0,0,2,2,1
0,32.49826431,0,0,0,0,1,3,0,3,2,0,0,0,1,3,2
0.05190808,19.86048126,1,0,1,0,0,3,2,3,0,2,1,0,1,1,0
0.11737337,4.121293545,1,0,0,0,0,3,1,0,0,0,0,0,1,2,1
0,12.56496716,0,0,0,0,0,0,0,0,0,0,0,0,0,0,0
0,171.7905731,0,0,0,0,0,0,0,0,0,0,0,0,0,0,0
0,20.45701408,0,1,0,0,0,2,2,1,3,0,0,0,0,1,1
0.073801383,35.92892838,1,0,1,0,0,3,3,3,3,2,2,1,1,2,1
1.349984884,1351.88855,0,0,1,0,1,2,2,3,2,3,2,2,3,2,2
0,205.6018982,0,0,0,0,0,0,0,0,0,0,0,0,0,0,0
0,15.66444111,0,0,0,0,0,0,0,0,0,0,0,0,0,0,0
0,6.910781384,0,0,0,0,0,0,0,0,0,0,0,0,0,0,0
0.298228562,55.24824524,1,0,0,1,1,3,3,3,1,0,0,0,1,1,2
0,57.45901871,0,1,0,0,0,3,1,3,2,2,2,1,1,1,0
0.018597318,25.78220749,0,0,0,0,0,2,2,2,2,2,2,2,2,2,2
0,24.98681068,0,0,0,0,1,2,3,2,1,1,0,0,2,1,1
0,5.137835026,0,0,0,0,0,1,3,3,3,1,0,1,1,2,1
0.089152724,410.3656006,0,1,0,0,1,3,2,2,1,0,0,0,1,2,1
0,4.112717152,0,0,0,0,0,0,0,0,0,0,0,0,0,0,0
0.646984398,137.8051758,1,0,1,0,1,3,1,2,1,0,0,0,1,1,1
0.250550419,21.60875702,1,0,0,0,0,3,1,3,2,0,2,1,2,2,1
0,49.37363052,0,0,0,0,0,2,1,2,2,1,1,1,2,1,1
0,42.94789505,0,0,0,0,0,0,0,0,0,0,0,0,0,0,0
0.037244428,16.93705559,1,0,0,0,0,2,1,3,1,1,0,0,1,1,0
0,27.3187561,0,0,0,0,0,0,0,0,0,0,0,0,0,0,0
0.424956053,38.07092667,1,0,0,0,0,3,2,3,2,2,0,0,2,1,1
1.478327751,1086.698486,0,1,1,0,0,3,3,3,2,2,2,1,0,1,2
0,44.88873291,0,0,0,0,0,0,0,0,0,0,0,0,0,0,0
0.065933265,7.110231876,1,0,0,0,0,1,2,2,0,2,1,2,1,1,1
0,NA,0,1,0,0,0,2,2,3,1,1,0,0,1,1,1
0,5.329095364,0,0,0,0,0,0,0,0,0,0,0,0,0,0,0
0,31.41708946,0,0,0,0,0,0,0,0,0,0,0,0,0,0,0
0,2.490120411,0,0,0,0,0,0,0,0,0,0,0,0,0,0,0
0,14.07210445,0,0,0,0,0,0,0,0,0,0,0,0,0,0,0
0,32.35280228,0,0,0,0,0,0,0,0,0,0,0,0,0,0,0
0,29.97397995,0,0,0,0,0,0,0,0,0,0,0,0,0,0,0
0,14.54024506,0,0,0,0,0,0,0,0,0,0,0,0,0,0,0
0,12.64216709,0,0,0,0,0,0,0,0,0,0,0,0,0,0,0
0.899934292,111.5157166,1,0,1,0,1,3,1,2,1,0,2,3,2,2,1
0.01600053,48.24782562,0,0,1,0,1,3,2,3,1,2,0,0,1,2,1
0,86.95882416,0,0,0,0,0,0,0,0,0,0,0,0,0,0,0
0,126.5895233,0,0,0,0,0,1,1,1,2,1,1,1,1,1,1
0,7.777684689,0,1,0,0,1,3,2,2,3,0,0,0,0,1,0
0,60.71076584,1,0,0,0,0,2,3,1,0,1,0,0,0,0,0
0,339.7352295,0,0,0,0,0,0,0,0,0,0,0,0,0,0,0
0,13.10407257,1,0,1,0,1,2,1,1,1,1,2,0,2,2,1
0,111.5869446,0,0,0,0,0,0,0,0,0,0,0,0,0,0,0
0.323285967,114.1977005,1,0,0,0,0,3,1,2,2,0,0,0,2,1,0
0,396.2275696,0,0,0,0,0,0,0,0,0,0,0,0,0,0,0
0.284013063,159.3630524,0,1,0,1,1,3,3,3,1,2,1,1,2,1,2
0,73.67375946,0,0,0,0,0,0,0,0,0,0,0,0,0,0,0
26.29340172,46.38310242,1,0,1,0,0,2,3,3,1,0,1,2,2,2,1
0.04526617,20.24802017,1,0,0,0,0,1,0,1,1,0,1,0,0,2,0
0,10.03894711,0,0,0,0,0,0,0,0,0,0,0,0,0,0,0
0,38.73227692,0,1,0,0,0,1,2,2,2,0,0,0,0,1,1
0,12.81572056,0,0,0,0,0,2,2,2,2,2,2,2,2,2,2
0,1068.717651,1,0,1,1,0,3,1,2,3,1,0,0,3,1,0
0.079167992,336.1601257,0,0,0,0,0,2,3,1,1,2,1,1,1,1,0
0.003469564,NA,1,0,0,0,0,3,1,3,0,0,0,0,1,0,0
0.229138687,36.17817307,1,1,1,0,1,3,2,3,1,0,2,0,1,1,1
48.92273331,3801.124268,0,0,0,0,0,2,1,1,1,0,2,1,1,1,1
0.482724577,168.4958191,1,0,0,0,1,3,2,3,3,1,3,2,3,3,2
0,183.3182373,0,0,0,0,0,0,0,0,0,0,0,0,0,0,0
0.004922626,9.458600044,0,0,1,0,0,2,1,3,2,0,0,0,2,1,1
0,18.79761696,0,0,0,0,0,0,0,0,0,0,0,0,0,0,0
0.114847757,32.85871124,0,1,0,0,0,2,0,2,0,0,0,0,0,0,0
0,275.4891357,1,0,0,0,0,3,3,2,2,0,0,0,2,0,0
0,2.681778431,0,0,0,0,0,0,0,0,0,0,0,0,0,0,0
0,8.9152565,0,0,0,0,0,3,2,1,2,0,0,0,1,1,1
0,2.238196373,0,0,0,0,0,0,0,0,0,0,0,0,0,0,0
0,44.56661224,0,0,0,0,0,0,0,0,0,0,0,0,0,0,0
0,25.34451294,0,0,0,0,0,2,1,3,2,0,0,0,2,1,2
0.369596958,26.20603371,0,1,1,0,0,2,1,1,1,2,3,1,2,3,0
1.007320285,357.5766602,1,0,1,0,0,3,1,3,2,1,1,0,1,1,0
0,14.1305275,0,0,0,0,0,0,0,0,0,0,0,0,0,0,0
0,1559.487671,0,0,0,0,0,0,0,0,0,0,0,0,0,0,0
0,162.8282471,0,0,0,0,0,0,0,0,0,0,0,0,0,0,0
0.136214018,83.6463623,0,1,0,0,0,2,1,2,3,2,1,0,2,1,0
0,268.9216003,0,0,0,0,0,0,0,0,0,0,0,0,0,0,0
0.006187415,79.19075775,0,0,0,0,0,3,2,1,1,1,0,2,2,1,1
0,306.5162964,0,1,0,0,0,3,2,2,1,0,0,0,2,2,0
0,15.21211815,0,1,0,0,0,3,3,1,3,1,0,0,3,3,0
0,6.71875906,0,0,0,0,0,0,0,0,0,0,0,0,0,0,0
0,33.00500107,1,1,0,0,0,3,0,3,2,0,2,0,2,1,0
0.390733749,44.91157913,1,0,1,0,0,3,1,2,2,1,2,2,0,1,0
0,6.74022007,0,0,0,0,0,0,0,0,0,0,0,0,0,0,0
0.007781724,65.47853851,0,0,0,0,0,2,1,1,1,0,0,0,1,1,0
0,3.201693535,0,0,0,0,0,0,0,0,0,0,0,0,0,0,0
0,303.1410217,0,1,0,0,1,3,2,2,1,1,2,1,1,2,2
0,18.8657093,1,0,0,0,1,2,1,3,2,1,0,0,1,1,1
0.019851869,111.0201263,0,0,0,0,1,3,2,3,1,1,3,1,2,2,2
0.559967756,727.0546875,1,0,0,0,0,3,1,2,1,1,2,1,2,1,1
0,97.15144348,0,0,0,0,0,1,1,1,2,1,1,1,1,1,1
0,964.0734253,0,0,0,0,0,0,0,0,0,0,0,0,0,0,0
0.098038509,20.57328224,1,1,1,0,0,3,2,2,2,2,1,1,2,2,2
0,5.023519516,0,0,0,0,0,0,0,0,0,0,0,0,0,0,0
0.198325932,16.94607544,1,0,1,1,1,3,1,3,2,0,0,0,1,1,0
0,100.6545334,0,0,0,0,0,0,0,0,0,0,0,0,0,0,0
0,147.6849823,0,0,0,0,0,1,0,2,2,2,0,0,1,0,0
0,23.77828217,0,1,0,1,0,3,2,3,1,0,0,0,0,0,0
0,214.1291046,0,0,0,0,0,0,0,0,0,0,0,0,0,0,0
0,0.721714199,0,0,0,0,0,0,0,0,0,0,0,0,0,0,0
0.020622825,1.243019462,0,1,1,1,1,3,3,3,2,0,0,0,2,2,1
0.005242903,8.744433403,1,0,0,0,0,3,2,3,2,0,0,2,1,2,0
1.095003486,19.20948029,0,0,0,0,1,3,1,2,2,0,1,0,2,2,0
0,31.72160912,0,0,0,0,0,0,0,0,0,0,0,0,0,0,0
0,1.786509991,0,0,0,0,0,0,0,0,0,0,0,0,0,0,0
0.285813302,68.29389191,0,1,0,0,1,3,1,2,1,0,1,0,2,3,3
0.069235004,29.73578453,1,0,0,0,0,2,2,3,3,0,2,1,3,3,1
0,4.598262787,0,0,0,0,0,0,0,0,0,0,0,0,0,0,0
0,163.5383301,0,1,1,1,1,3,3,3,3,3,0,0,1,1,0
0,22.38438988,0,0,0,0,0,0,0,0,0,0,0,0,0,0,0
13.68358517,1112.194824,1,0,1,0,0,3,2,3,1,1,1,0,1,1,0
0,NA,1,1,1,0,0,2,3,1,1,0,0,0,0,1,1
24.55474472,2657.822998,1,0,1,0,0,3,2,3,2,3,2,2,2,3,1
0,21.24220085,0,1,0,0,1,3,2,0,1,0,0,0,0,1,0
0,108.6214905,0,1,0,0,0,1,3,1,2,2,3,2,1,1,1
0.123194955,4.631248951,1,0,0,0,0,3,1,2,2,1,2,1,2,2,1
0.196876213,110.0528564,0,0,0,0,0,2,1,3,2,2,1,0,2,1,2
0,7.015490532,0,0,0,0,0,0,0,0,0,0,0,0,0,0,0
0,198.0257874,0,0,0,0,0,0,0,0,0,0,0,0,0,0,0
0.0310001,91.27364349,0,0,1,0,0,3,2,1,2,3,1,0,1,1,0
0,12.29984856,0,0,0,0,0,0,1,1,1,1,1,1,1,1,1
0,5.378849983,0,0,0,0,0,0,0,0,0,0,0,0,0,0,0
2.669324398,124.9485931,1,0,0,0,0,3,3,2,1,1,2,1,1,1,1
0,24.87331581,0,0,0,0,0,3,2,2,2,0,0,0,1,1,0
14.69680882,191.8961792,1,1,1,0,0,1,1,3,2,2,1,1,2,2,0
0,29.66873932,0,0,0,0,0,2,3,1,0,0,0,0,1,1,2
0,2623.843262,0,0,0,0,0,0,0,0,0,0,0,0,0,0,0
0,12.7090044,0,0,0,0,0,0,2,3,1,0,0,0,1,1,0
0.064644895,NA,1,0,0,0,0,3,3,3,2,0,0,0,2,1,0
0.110258363,19.53927803,0,1,0,0,0,3,1,3,1,0,0,0,1,1,0
0.025544867,54.24087906,1,0,1,0,0,1,3,1,2,0,2,3,2,1,1
0,7.26846981,0,0,0,0,0,0,0,0,0,0,0,0,0,0,0
0.097673833,55.40490723,1,0,0,0,0,2,0,0,3,0,1,0,3,2,0
0,5.231033325,0,0,0,0,0,0,0,0,0,0,0,0,0,0,0
0,77.17761993,0,0,0,1,1,1,2,2,2,2,2,2,3,3,1
0.008164624,12.31040764,1,1,1,1,1,2,2,3,1,1,1,0,2,2,0
0,20.00602722,0,0,0,0,0,0,0,0,0,0,0,0,0,0,0
0.009994795,49.47666931,1,1,0,0,1,1,3,2,2,0,0,0,2,2,3
0,19.65315628,0,0,0,0,0,0,0,0,0,0,0,0,0,0,0
0.009369991,82.88488007,0,0,0,0,0,2,2,2,2,2,2,2,2,2,2
0,4.603775501,0,0,0,0,0,2,3,1,1,0,1,2,2,3,1
0,10.42606449,0,0,0,0,0,0,0,0,0,0,0,0,0,0,0
1.655002475,128.8322296,1,0,0,0,0,2,2,2,2,2,2,2,2,2,2
0,15.56072521,0,0,0,0,0,0,0,0,0,0,0,0,0,0,0
0.010614925,237.9085693,1,0,0,0,0,2,0,3,1,0,0,0,3,2,2
0.315065384,128.3347321,1,0,1,0,1,2,1,3,2,2,1,0,3,2,1
0,0,0,0,0,0,0,0,0,0,0,0,0,0,0,0,0
0,2.581350327,0,0,0,0,0,0,0,0,0,0,0,0,0,0,0
0,22.69607162,0,0,0,0,0,0,0,0,0,0,0,0,0,0,0
0.018855052,37.30840302,1,0,1,1,0,2,2,2,2,3,3,2,3,3,2
0.019493382,319.508728,1,0,1,0,0,3,3,1,1,2,1,1,3,2,1
2.147019625,2111.559326,0,0,0,0,0,3,2,2,1,1,0,0,1,1,0
0,16.03193092,1,0,1,0,0,0,3,1,2,0,0,0,2,2,0
0,3.819834709,0,0,0,0,0,0,0,0,0,0,0,0,0,0,0
0,NA,0,0,0,0,0,0,0,0,0,0,0,0,0,0,0
0,18.0904789,0,1,0,0,0,2,2,1,2,0,0,0,1,1,2
0,7.901919842,0,0,0,0,0,0,0,0,0,0,0,0,0,0,0
0.227581248,37.05210114,1,1,1,0,1,3,2,3,1,0,2,0,1,1,1
0,2.27416873,0,0,0,0,0,0,0,0,0,0,0,0,0,0,0
0,86.28694153,0,0,0,0,0,0,0,0,0,0,0,0,0,0,0
0,18.41605377,0,0,0,0,1,3,2,2,3,0,1,1,0,1,1
0,51.12637711,0,0,0,0,0,0,0,0,0,0,0,0,0,0,0
0.092518151,153.1879578,0,1,1,1,1,2,1,1,1,0,1,0,1,1,1
0.272708029,509.808197,0,0,0,0,0,3,3,2,1,3,0,0,3,1,0
0,56.79691696,1,0,0,0,1,3,2,3,1,1,1,1,0,1,1
0,72.743927,0,0,0,0,0,0,0,0,0,0,0,0,0,0,0
0,18.45351219,0,0,1,1,0,3,2,1,2,2,0,0,1,2,1
2.175462008,560.5685425,1,0,1,1,0,3,2,2,2,2,2,1,1,1,0
0,2.175380945,0,0,0,0,0,0,0,0,0,0,0,0,0,0,0
2.414100409,8.484524727,0,0,0,0,0,3,1,1,2,0,2,1,2,3,0
0,2.293212175,0,0,0,0,0,0,0,0,0,0,0,0,0,0,0
0,24.39591026,0,0,0,0,0,0,0,0,0,0,0,0,0,0,0
0.296282321,22.23069191,0,1,1,0,0,3,2,2,1,0,1,2,1,1,0
0,20.47502899,0,0,1,0,0,2,3,2,2,1,1,0,2,1,2
0.139755592,144.8661957,0,0,1,0,1,1,3,2,3,3,0,0,1,1,2
0,368.0723267,0,0,0,0,0,2,2,1,1,0,0,0,1,0,2
0.130719051,20.6193943,1,1,0,1,1,3,0,3,1,0,1,0,2,2,2
0,181.8845825,0,0,0,0,0,0,0,0,0,0,0,0,0,0,0
0.241625816,5.581487656,1,0,1,0,0,1,2,3,1,0,0,0,2,1,0
2.905347586,78.73690796,0,0,1,0,0,1,3,1,2,0,3,1,2,2,1
84.84458923,7364.119141,1,0,1,0,1,3,3,3,3,3,3,3,2,3,2
0,9.006789207,0,0,0,0,0,0,0,0,0,0,0,0,0,0,0
0.250485957,20.66205597,1,0,1,1,1,3,1,3,1,0,0,0,2,0,0
0,5.376901627,0,0,0,0,0,0,0,0,0,0,0,0,1,0,0
0.358047575,28.85760307,0,1,1,0,0,2,1,1,1,2,3,1,2,3,0
1.385033846,189.8838043,1,0,1,0,0,2,3,2,2,1,2,2,2,2,1
0.246973857,184.7983856,0,1,0,1,0,3,1,1,0,1,0,0,1,1,0
22.52458763,2848.146973,1,0,0,0,0,3,1,3,2,2,2,1,2,1,1
0,1.296984553,0,0,0,0,0,0,0,0,0,0,0,0,0,0,0
0,5.677513123,0,0,0,0,0,0,0,0,0,0,0,0,0,0,0
0.018437218,72.68708038,0,1,1,0,0,2,3,2,1,1,0,0,3,1,0
3.347969055,66.30311584,1,0,0,0,0,3,0,3,3,0,2,1,2,2,2
0,19.44368362,0,1,1,0,0,2,3,3,3,3,1,0,3,3,3
0,59.59720612,0,0,0,0,0,0,0,0,0,0,0,0,0,0,0
0,5.335061073,0,0,0,0,0,0,0,0,0,0,0,0,0,0,0
10.01954079,2907.506836,0,1,0,0,1,3,3,3,2,1,1,1,1,1,2
0.247985572,38.44308472,1,0,0,0,0,1,3,3,2,2,1,0,2,2,0
0,12.93367004,1,0,1,0,0,0,2,0,0,2,0,0,2,0,0
0,7.944703579,0,0,0,0,0,0,0,0,0,0,0,0,0,0,0
0,3.662396193,0,1,0,0,0,3,1,1,2,0,2,2,2,2,0
0.07457494,9.490797997,0,0,1,0,0,3,2,2,0,1,0,0,2,2,0
0,38.58876038,0,0,0,0,0,0,0,0,0,0,0,0,0,0,0
0,111.7019806,0,0,0,0,0,0,0,0,0,0,0,0,0,0,0
2.513387442,341.8383484,0,1,1,0,1,3,1,3,2,0,2,2,2,1,1
0,0.451058924,0,0,0,0,0,2,2,3,2,1,1,2,2,2,1
0,752.1559448,0,0,0,0,0,0,0,0,0,0,0,0,0,0,0
0.00187754,NA,0,0,0,0,0,1,2,1,1,0,0,1,2,1,1
0,85.3416748,1,0,1,0,1,2,1,1,1,1,2,0,2,2,1
0.69384259,282.2278442,1,0,1,1,0,3,1,3,2,1,1,1,2,2,2
0,61.48669434,0,0,0,0,0,0,0,0,0,0,0,0,0,0,0
0.012369302,10.80218506,0,1,0,0,0,3,0,2,2,0,0,0,2,2,2
0.121210538,208.5763397,0,0,0,0,0,3,1,1,0,1,1,1,0,1,1
0,2.433137178,0,0,0,0,0,0,0,0,0,0,0,0,0,0,0
0,534.7548828,0,1,1,0,0,2,3,1,2,1,0,0,1,2,2
0,2.448394537,0,0,0,0,0,0,0,0,0,0,0,0,0,0,0
0,75.8538208,0,0,0,0,0,1,2,3,2,2,0,0,0,1,1
0.003776902,4.404665947,0,1,0,1,1,2,0,3,1,0,1,0,1,1,0
0,14.60033798,0,0,0,0,0,0,0,0,0,0,0,0,0,0,0
0,7.051139355,0,0,0,0,0,0,0,0,0,0,0,0,0,0,0
0.015830968,2.870549917,0,0,0,0,0,3,3,2,1,0,1,0,1,2,0
0,432.95755,1,0,0,0,0,3,1,2,2,1,0,0,3,2,0
0.064760312,19.52936363,1,0,0,0,0,3,3,2,1,1,0,0,1,1,1
0,1.488320112,0,0,0,0,1,3,3,3,2,0,1,1,1,1,1
0.089438044,21.5373745,1,1,1,0,0,3,2,2,2,2,1,1,2,2,2
0,7.862727642,0,0,0,0,0,2,2,1,1,0,0,0,1,1,1
0.080754206,9.473703384,1,0,0,0,0,2,3,2,2,0,1,0,1,2,0
0.52829808,50.08218384,1,0,1,0,0,3,2,3,1,1,0,0,1,1,0
0,31.92795372,0,0,0,0,0,1,2,2,1,0,0,0,0,1,1
0,2.909986019,0,0,0,0,0,0,0,0,0,0,0,0,0,0,0
0,120.3966293,0,0,0,0,0,2,2,1,1,0,1,1,1,1,3
3.397059917,68.1271286,1,1,1,1,1,2,2,3,1,0,1,2,2,1,1
0.068244986,57.8732605,1,0,1,1,1,3,2,3,2,1,1,0,3,1,1
9.987107277,737.9663086,1,0,0,0,1,3,1,2,1,0,1,1,1,1,1
0,84.38931274,0,0,0,0,0,0,0,0,0,0,0,0,0,0,0
0,1.525225163,0,0,0,0,0,0,0,0,0,0,0,0,0,0,0
0.056392852,NA,0,0,0,0,0,3,1,1,1,1,0,0,1,1,1
0,58.68617249,0,1,0,0,0,1,2,2,1,1,1,1,2,2,0
0.1901052,369.6863403,0,0,0,1,0,2,1,2,0,1,0,0,1,2,2
0,7.350692272,0,0,0,0,0,0,0,0,0,0,0,0,0,0,0
0.314525455,575.7084961,1,0,1,1,0,3,3,3,2,3,1,1,2,2,1
0,209.4711761,0,1,0,0,0,3,2,2,2,0,1,0,2,1,2
0,1.814623833,1,1,0,0,0,2,3,0,1,0,0,0,1,2,0
0,0.717252851,0,0,0,0,0,0,0,0,0,0,0,0,0,0,0
0.028569242,9.325802803,1,1,0,0,0,3,2,2,0,0,1,1,1,1,0
0,6.931582928,1,0,0,0,0,2,2,3,3,0,2,2,2,3,2
0,127.9117279,0,0,0,0,0,0,0,0,0,0,0,0,0,0,0
0.80223608,62.52308273,0,0,1,0,0,3,0,2,1,0,2,2,2,2,0
0,23.67229462,0,0,0,0,0,0,0,0,0,0,0,0,0,0,0
4.470000267,27.60963249,1,0,0,0,0,3,2,2,1,0,2,1,1,1,1
0.015930098,9.862714767,1,1,0,0,0,3,1,3,1,3,0,0,1,0,0
0.021082409,39.97025299,0,0,0,0,1,2,2,2,1,1,0,0,2,1,2
0,13.61105251,0,0,0,0,0,2,3,3,2,0,0,1,1,2,0
0,11.60332298,1,0,0,0,0,1,1,2,2,0,0,0,1,0,0
0.383270293,35.20578384,1,0,0,0,0,3,2,3,2,2,0,0,2,1,1
0,46.76496887,0,0,0,0,1,3,2,2,1,0,0,0,1,1,1
0,5.425634384,1,0,0,0,0,3,3,2,0,0,0,0,0,0,0
0,132.8582916,0,0,0,0,0,0,0,0,0,0,0,0,0,0,0
0.456875533,49.17033768,0,1,0,0,0,3,3,2,3,0,1,0,3,2,0
0.072772272,4.910235405,1,1,0,0,0,3,3,3,3,0,0,0,2,1,0
0,18.27951241,0,0,0,0,0,0,0,0,0,0,0,0,0,0,0
0.059822656,86.28155518,1,0,1,1,1,3,3,3,3,3,3,2,3,3,3
0,81.8479538,0,0,0,0,0,0,0,0,0,0,0,0,0,0,0
0,8.983286858,0,0,0,0,0,3,1,3,3,0,0,0,2,1,0
0,5.447372913,0,0,0,0,0,0,0,0,0,0,0,0,0,0,0
0,8.998289108,1,0,1,0,0,1,2,3,1,0,0,0,1,1,1
0,1.63020432,0,0,0,0,0,0,0,0,0,0,0,0,0,0,0
0,54.27612686,0,0,0,0,0,0,0,0,0,0,0,0,0,0,0
0.039484855,15.19973946,1,0,0,1,0,2,3,3,3,2,1,1,3,2,0
0,1.684555888,0,0,0,0,0,0,0,0,0,0,0,0,0,0,0
0,350.6643982,0,0,0,0,0,0,0,0,0,0,0,0,0,0,0
0,33.67626572,1,1,0,0,1,1,2,3,1,1,0,0,1,1,1
0,2.535082579,0,0,0,0,0,0,0,0,0,0,0,0,0,0,0
0,41.16040039,0,0,1,0,0,2,3,1,1,1,0,0,2,2,1
0,5.447222233,0,1,0,0,0,3,2,2,2,1,1,1,1,1,1
0.060756307,36.29783249,1,1,0,0,1,3,3,3,1,0,0,0,2,1,0
0.07940086,67.49050903,0,0,0,0,0,1,0,3,2,1,1,0,3,2,0
0.019964367,19.90724564,1,0,0,0,0,1,0,1,1,0,1,0,0,2,0
0.078029469,46.45010757,0,0,1,0,0,2,3,2,1,2,0,0,2,1,0
0,191.0246277,0,0,0,0,0,0,0,0,0,0,0,0,0,0,0
0,12.90712738,0,0,0,0,0,0,0,0,0,0,0,0,0,0,0
0,15.89937592,0,0,0,0,0,1,2,1,2,0,1,0,0,2,0
0,10.2793026,0,0,0,0,0,0,0,0,0,0,0,0,0,0,0
0.099689551,32.79772568,1,0,0,0,0,2,1,3,2,0,2,1,1,1,0
0.639873803,71.3832016,1,0,0,0,0,3,2,3,1,1,1,0,1,1,1
0,102.2937775,0,0,0,1,0,2,1,2,3,0,0,1,2,2,2
3.062650681,362.9552307,1,0,1,0,0,2,3,2,2,2,2,1,1,2,1
0,137.5329132,1,0,1,1,0,1,2,1,2,0,0,0,2,1,1
1.142268181,646.7202148,1,0,0,0,0,3,1,3,2,1,1,1,1,1,1
0,NA,0,0,0,0,0,0,0,0,0,0,0,0,0,0,0
0,10.77563,0,0,0,0,0,0,0,0,0,0,0,0,0,0,0
0.050019383,138.5676422,0,0,1,0,1,1,2,1,1,2,1,1,0,3,0
0,16.44876671,0,0,0,0,0,0,0,0,0,0,0,0,0,0,0
0,12.82732296,0,0,0,0,0,2,3,2,1,0,0,0,1,1,1
0,2.87893796,0,0,0,0,0,0,0,0,0,0,0,0,0,0,0
0,15.37802792,0,0,0,0,0,0,0,0,0,0,0,0,0,0,0
0,1.955170155,0,0,0,0,0,0,0,0,0,0,0,0,0,0,0
4.946510315,1072.143677,1,0,0,0,0,3,1,3,1,3,3,2,1,1,1
0,315.2634583,0,0,0,0,0,2,2,1,1,0,0,0,1,0,2
0.00482103,255.2714996,1,1,1,0,1,3,2,2,2,1,1,1,1,1,1
0,110.3323441,0,1,1,0,0,1,0,3,1,1,1,0,0,0,0
0.265475571,316.1190796,1,0,0,0,0,3,3,3,1,1,2,3,3,1,1
0,7.722833157,0,0,0,0,1,1,2,1,0,0,1,0,1,0,0
0,43.39343262,0,0,0,0,0,0,0,0,0,0,0,0,0,0,0
0,373.0814209,0,0,0,0,0,0,0,0,0,0,0,0,0,0,0
0.242949098,187.7601776,0,1,0,0,0,3,2,2,1,0,0,0,0,0,0
0,5.094518185,0,0,1,0,0,1,3,2,0,1,0,0,0,0,0
0,29.40279579,1,0,0,0,0,3,1,2,1,0,0,0,1,1,0
0,33.83245468,0,0,0,0,0,0,0,0,0,0,0,0,0,0,0
0,1.03248179,0,0,0,0,0,0,0,0,0,0,0,0,0,0,0
13.69085217,1082.44397,1,0,1,0,0,3,2,3,1,1,1,0,1,1,0
0,16.87538528,0,1,0,1,0,1,1,2,2,0,0,0,1,2,0
0.055648521,6.910089016,1,0,1,0,0,3,1,3,2,2,1,1,2,1,1
0.682394147,12.80734539,0,0,0,0,0,3,1,2,2,1,2,0,1,2,2
0,3166.750244,0,1,0,0,0,3,2,1,1,0,0,0,1,2,3
0,12.66584015,0,0,0,0,0,0,0,0,0,0,0,0,0,0,0
0,202.2581024,0,0,0,0,0,0,0,0,0,0,0,0,0,0,0
0.043110885,287.7859192,1,0,0,0,0,2,1,1,1,0,0,0,2,0,1
0,2.849459887,0,0,0,0,0,0,0,0,0,0,0,0,0,0,0
0.035552938,42.43877411,0,1,0,0,0,3,2,2,1,0,0,0,1,1,0
0.001506057,15.25579166,0,0,1,0,0,3,0,1,0,0,0,0,0,0,1
0,16.78863335,0,0,0,0,0,0,0,0,0,0,0,0,0,0,0
0,25.43514252,0,0,0,0,0,0,0,0,0,0,0,0,0,0,0
0,71.3324585,0,0,0,0,0,0,0,0,0,0,0,0,0,0,0
0,5.811220646,1,0,1,0,0,1,2,3,1,0,0,0,1,1,1
0,NA,0,0,0,0,0,0,0,0,0,0,0,0,0,0,0
3.68976903,857.4454956,1,0,1,1,1,2,2,3,3,0,2,1,2,2,1
0,22.52555656,0,0,0,0,0,1,1,1,1,0,0,0,0,0,1
0,22.25095367,0,0,0,0,0,0,0,0,0,0,0,0,0,0,0
0,40.29390717,1,0,0,0,1,3,1,2,1,1,0,0,2,1,0
0,319.8643188,0,0,0,0,0,1,1,3,1,0,1,1,1,1,1
0.032465566,199.1980743,0,0,0,0,0,2,3,1,1,2,1,1,1,1,0
0,14.55149841,0,0,0,0,0,0,0,0,0,0,0,0,0,0,0
0,66.71953583,1,0,1,0,0,2,3,1,2,3,0,0,2,2,1
0.377942145,183.5761108,1,0,0,0,1,3,0,2,1,1,0,0,2,1,0
1.004995704,238.4575348,1,0,0,0,0,2,3,3,1,1,3,0,0,0,0
0,259.7391357,1,0,0,0,0,3,3,2,2,0,0,0,2,0,0
0,61.01352692,0,0,0,0,0,0,0,0,0,0,0,0,0,0,0
0,52.70002365,0,0,0,0,0,0,0,0,0,0,0,0,0,0,0
0,26.58577156,0,0,0,0,0,0,0,0,0,0,0,0,0,0,0
601.9124146,50383.15234,1,1,1,1,0,3,3,3,2,1,1,1,2,2,2
0,43.8850174,0,0,0,0,0,3,1,1,0,0,1,0,2,2,0
3.887557268,715.3522949,0,0,0,0,0,3,3,3,3,0,2,1,2,2,1
0,10.65167713,0,0,0,0,0,0,0,0,0,0,0,0,0,0,0
0.18065238,78.75749969,1,0,1,0,0,3,0,3,1,2,1,0,1,1,0
0,10.43872452,0,0,1,0,0,1,3,1,1,0,0,0,1,1,0
0,38.2937088,0,0,0,0,0,0,0,0,0,0,0,0,0,0,0
0,195.8832855,0,1,1,0,1,3,1,2,1,0,0,0,1,2,2
0,304.7539978,0,0,0,0,0,3,1,2,3,0,1,1,1,1,2
0,15.76752281,0,1,0,1,1,3,2,2,2,1,0,0,2,2,0
0,5.140602589,0,0,0,0,0,0,0,0,0,0,0,0,0,0,0
0.000833328,4.998967171,0,1,0,0,0,1,0,2,2,1,1,2,2,2,2
0.015310976,25.70399475,1,0,1,0,0,0,0,3,1,0,0,0,2,1,0
0,416.0791321,1,0,0,0,0,3,1,2,2,1,0,0,3,2,0
0,63.00354767,0,1,1,0,0,1,3,2,3,0,3,2,2,2,3
0,116.4166565,0,0,0,0,0,3,2,3,0,1,0,0,1,2,2
0.000167583,147.6440582,0,0,0,0,0,2,1,2,3,1,0,0,2,1,3
0,34.94546127,0,0,0,0,0,0,0,0,0,0,0,0,0,0,0
0,74.0409317,0,0,0,0,0,0,0,0,0,0,0,0,0,0,0
1.028347254,252.2872009,1,0,1,0,1,3,1,2,1,1,1,1,2,1,1
0.331257463,191.303833,0,0,1,0,1,2,3,2,2,2,1,1,2,2,2
0.010455481,3.251784563,1,0,0,0,0,2,0,2,1,0,0,1,2,0,2
0,56.67645645,0,0,0,0,0,0,0,0,0,0,0,0,0,0,0
0,63.71021271,0,0,0,0,0,0,0,0,0,0,0,0,0,0,0
0,15.736166,0,0,0,0,0,0,0,0,0,0,0,0,0,0,0
0.010420646,169.5080719,0,0,0,0,0,2,1,2,3,0,0,0,2,1,0
0,68.04855347,0,0,0,0,0,0,0,0,0,0,0,0,0,0,0
0,359.9124451,0,0,0,0,0,0,0,0,0,0,0,0,0,0,0
0,21.95649719,1,0,0,0,0,3,3,3,3,3,0,0,2,1,0
0,16.95345116,0,0,0,0,0,0,0,0,0,0,0,0,0,0,0
0,17.14694405,0,1,0,0,1,3,1,1,2,0,0,2,0,2,3
0,5.91681242,0,0,0,0,0,0,0,0,0,0,0,0,0,0,0
0,5.796089649,1,0,0,1,0,2,3,1,3,0,0,0,3,2,1
0.023944261,19.37304688,1,0,1,0,0,3,1,2,2,2,0,0,2,1,0
1.813992143,508.346344,1,0,1,0,0,2,1,3,3,2,2,1,3,1,3
0.202325508,41.31536484,1,0,0,0,0,3,2,3,1,2,0,0,3,2,0
0,5.836470127,1,1,0,0,0,3,1,3,0,0,0,0,0,0,1
0,64.97989655,0,0,0,0,1,2,2,1,1,0,0,0,1,2,1
0,181.9981689,0,0,0,0,0,0,0,0,0,0,0,0,0,0,0
0.010830467,28.10251045,0,0,0,0,0,3,2,1,1,1,0,0,2,3,2
0.019172149,4.812310696,0,0,0,0,0,2,1,2,1,0,3,2,2,3,2
0,65.20361328,1,0,1,0,0,3,2,3,3,0,0,0,3,2,2
0.021286737,24.98438454,0,0,0,1,1,3,3,1,0,0,0,0,1,1,0
1.412349463,758.4234009,0,0,1,0,1,2,1,2,2,0,2,3,3,2,1
0,7.97599411,0,1,0,0,0,1,3,1,1,0,0,1,2,3,3
0,15.665411,0,0,0,0,0,0,0,0,0,0,0,0,0,0,0
0,96.17988586,0,0,0,0,0,0,0,0,0,0,0,0,0,0,0
0.056435868,316.8638,1,1,0,0,0,3,1,2,0,0,0,0,0,0,0
0.051190943,17.17079544,0,0,0,0,0,2,1,3,3,1,2,0,1,1,1
0,400.1270142,0,0,0,0,0,0,0,0,0,0,0,0,0,0,0
0,163.1387024,1,0,0,0,0,1,2,2,2,2,1,1,1,1,1
0,5.06350565,0,0,0,0,0,0,0,0,0,0,0,0,0,0,0
0.025048804,20.18315506,1,0,1,0,0,3,1,2,2,2,0,0,2,1,0
0,3.678247213,0,0,1,0,0,3,3,3,1,0,0,0,2,1,0
0,217.5757446,0,0,1,0,0,3,2,1,0,1,0,0,2,2,1
0,59.56615829,0,0,0,0,0,0,0,0,0,0,0,0,0,0,0
0.003859846,4.290086269,0,1,0,1,0,3,2,0,0,3,2,0,0,1,0
0,9.07555294,0,0,1,0,1,3,3,3,3,1,0,0,2,2,0
0,53.4720192,0,0,0,0,0,0,0,0,0,0,0,0,0,0,0
0,311.109314,0,1,0,0,0,1,1,3,3,1,1,0,2,1,1
0.010268776,12.81646919,1,0,1,0,0,2,1,2,0,1,1,1,3,2,0
0.512216508,9.011672974,0,0,0,0,0,3,0,1,1,0,3,3,3,3,2
0.250583977,19.41358948,1,0,0,0,1,3,1,3,3,1,0,0,3,3,1
0,3.062768698,0,0,0,0,0,0,0,0,0,0,0,0,0,0,0
0,17.11400986,0,0,0,0,0,0,0,0,0,0,0,0,0,0,0
0.016623102,38.49277496,1,0,1,1,0,2,2,2,2,3,3,2,3,3,2
0.214273423,70.96247101,1,0,0,0,0,3,1,2,3,1,0,2,1,1,1
0.033824269,407.7003174,1,0,0,0,0,2,1,0,1,0,1,0,1,1,0
0.481479496,461.4110107,0,0,0,0,0,3,2,0,1,0,3,3,1,2,2
0.346677542,28.41681862,0,1,1,0,0,2,1,1,1,2,3,1,2,3,0
0,52.18570328,0,0,0,0,0,3,2,2,3,1,3,2,2,2,2
0,29.09835625,0,0,0,0,0,0,0,0,0,0,0,0,0,0,0
0.199088514,15.51712036,1,0,1,0,1,2,2,3,1,2,1,1,2,1,0
0.866754532,42.51345825,0,0,1,0,0,2,0,3,3,2,1,0,2,1,0
0,NA,0,1,1,0,0,0,2,2,2,2,0,0,0,0,0
0,23.28837967,0,0,0,0,0,0,0,0,0,0,0,0,0,0,0
0,1573.565552,0,0,0,0,0,0,0,0,0,0,0,0,0,0,0
0,3.066781521,0,0,0,0,0,0,0,0,0,0,0,0,0,0,0
0,5.059772491,0,0,0,0,0,0,0,0,0,0,0,0,0,0,0
0,196.4596863,0,1,0,0,0,3,0,0,0,0,0,0,0,0,1
2.710251093,286.8827209,1,1,0,0,0,3,0,3,2,1,2,1,2,2,0
0.116571836,66.82572174,1,0,1,1,1,3,1,2,3,0,0,2,2,1,1
0.176946491,234.7405853,1,0,1,0,1,1,1,3,0,1,2,2,1,1,1
0.011250667,20.36918259,0,0,0,0,0,2,1,2,2,0,2,2,1,2,1
0.073937505,198.9153137,1,0,1,0,0,2,1,3,2,1,1,0,2,2,1
0.021628976,41.98757172,1,0,1,1,1,3,1,3,1,0,0,0,2,1,0
0,593.8934326,0,0,0,0,0,0,0,0,0,0,0,0,0,0,0
0.003025417,2.089655399,0,0,0,0,1,3,3,0,0,0,0,0,2,1,2
0,6.754332542,0,0,0,0,0,0,0,0,0,0,0,0,0,0,0
0,64.22609711,0,0,0,0,0,2,1,1,1,1,0,0,0,0,2
0,3.46485424,0,0,0,0,0,0,0,0,0,0,0,0,0,0,0
0,70.76524353,0,0,0,0,0,0,0,0,0,3,0,0,0,0,0
0,126.7252121,0,1,0,0,1,2,2,1,3,0,1,0,1,1,1
0,10.14371204,0,0,0,0,0,0,0,0,0,0,0,0,0,0,0
25.01587296,1646.389893,1,0,1,0,1,3,3,3,2,3,2,2,2,2,2
0,177.3030853,1,0,0,0,0,3,2,3,3,1,3,2,1,2,2
0,6.287882805,0,0,0,0,0,0,0,0,0,0,0,0,0,0,0
0.115134358,75.88503265,0,0,1,0,0,1,3,1,1,0,0,0,1,0,2
0,114.2065735,0,0,0,0,0,0,0,0,0,0,0,0,0,0,0
0,NA,0,0,0,0,0,0,0,0,0,0,0,0,0,0,0
0,274.2505188,0,1,1,1,1,3,3,2,2,0,1,0,2,2,3
0.049644496,10.13791656,0,1,1,0,0,3,1,1,1,0,0,0,0,2,1
0.51403594,85.7544632,1,0,0,0,1,3,2,3,3,1,3,2,3,3,2
0,20.31760406,0,0,0,0,0,0,0,0,0,0,0,0,0,0,0
0,6.487792969,0,0,0,0,0,0,0,0,0,0,0,0,0,0,0
0,8.187303543,0,0,0,0,0,0,0,0,0,0,0,0,0,0,0
0.708377719,122.5978775,0,0,1,1,0,3,3,2,1,1,0,0,3,2,1
0,14.91546917,0,0,0,0,0,0,0,0,0,0,0,0,0,0,0
0,8.80604744,0,0,0,0,0,0,0,0,0,0,0,0,0,0,0
0.90844512,235.2688751,1,0,1,0,0,3,2,2,2,1,0,0,1,1,1
1.00E-06,3.259714842,1,0,1,0,0,3,2,2,1,1,3,1,2,2,3
0.501134932,161.6236115,1,0,1,0,0,3,0,2,1,0,1,0,1,1,0
0,17.774683,0,0,0,0,0,0,0,0,0,0,0,0,0,0,0
0,9.860356331,0,0,0,0,0,1,2,2,1,0,0,0,1,2,1
0.008081018,9.387070656,0,1,0,0,1,2,0,0,0,1,0,0,1,0,1
0.146076664,174.1010895,0,0,0,0,0,2,2,1,0,2,0,0,3,2,2
0.001418212,80.41564178,0,0,0,0,0,2,2,3,2,0,0,0,2,1,2
0,195.5479126,0,0,0,0,0,0,0,0,0,0,0,0,0,0,0
0,17.84890366,0,0,0,0,0,0,0,0,0,0,0,0,0,0,0
0,147.607605,0,0,0,0,0,0,0,0,0,0,0,0,0,0,0
0,52.34008408,0,0,0,0,0,0,0,0,0,0,0,0,0,0,0
0,1.241000414,0,0,0,0,0,2,1,3,2,1,0,0,1,1,1
2.490744352,20370.17773,0,0,1,0,0,2,1,1,2,3,2,1,3,1,0
0.115319423,145.2103271,0,0,1,0,0,1,3,1,1,0,0,0,1,0,2
0.291929215,73.90356445,1,1,0,0,0,3,1,3,2,0,0,0,1,1,0
0,5.789856911,0,0,0,0,0,0,0,0,0,0,0,0,0,0,0
0,183.7912292,0,0,0,0,0,0,0,0,0,0,0,0,0,0,0
0,479.0562134,0,0,0,0,1,2,1,1,2,0,1,1,0,2,1
0,1.304639578,0,0,0,0,0,0,0,0,0,0,0,0,0,0,0
0,453.2978821,0,0,0,0,0,0,0,0,0,0,0,0,0,0,0
0.020859949,10.71699333,0,0,0,0,0,3,1,1,2,0,1,1,2,2,0
0,4.676323891,0,0,0,0,0,0,0,0,0,0,0,0,0,0,0
0.269986242,295.5830078,1,0,1,1,1,2,3,3,2,0,1,0,2,1,0
0.034605194,57.87696457,1,0,0,0,0,3,2,3,1,0,1,1,1,0,0
0,29.44862175,0,0,0,0,0,2,3,1,0,0,0,0,1,1,2
0,16.16791153,0,0,0,0,0,0,0,0,0,0,0,0,0,0,0
0.181888402,65.82624817,1,0,0,0,0,2,2,3,2,2,1,1,2,2,1
0.020288669,15.32958317,1,1,1,0,1,3,2,3,0,2,2,0,3,2,0
0,14.04231739,0,0,0,0,0,0,0,0,0,0,0,0,0,0,0
0.1712915,11.85304165,1,1,1,0,1,3,2,0,1,0,1,0,1,2,0
0,84.42492676,0,0,1,1,1,2,1,1,1,0,2,0,0,0,0
0,26.37154579,0,0,1,0,0,3,1,1,3,0,1,0,2,3,1
0.513319612,148.3767853,1,0,1,0,0,3,3,2,2,0,1,0,3,2,1
0,7.482949734,0,0,0,0,0,2,2,1,2,0,2,1,2,2,2
0,133.3263702,0,1,0,0,0,2,2,2,3,1,2,1,2,2,2
0,81.23046112,0,0,0,0,0,0,0,0,0,0,0,0,0,0,0
0,5.520195961,0,0,0,0,0,0,0,0,0,0,0,0,0,0,0
0,37.39836884,0,1,0,0,1,3,2,3,2,0,0,0,1,1,0
0,5.092758179,1,0,0,0,0,3,2,2,2,1,1,1,3,3,3
0,23.15534401,0,0,0,0,1,0,2,0,0,0,0,0,1,1,1
0,8.323346138,0,0,0,0,0,1,1,2,2,0,0,0,3,3,2
4.984001637,1298.227173,1,1,1,1,1,2,1,3,1,1,2,1,2,2,1
0,8.496898651,0,0,0,0,0,0,0,0,0,0,0,0,0,0,0
0,919.8652344,0,0,0,1,0,3,1,1,0,0,0,0,0,0,1
0,78.27446747,0,1,0,1,0,3,2,3,1,3,0,0,0,0,0
0,34.01430511,1,0,0,0,0,3,2,3,1,0,1,1,1,2,1
0.070028186,7.557871819,1,0,0,0,0,2,3,2,2,0,1,0,1,2,0
0,61.07701492,0,0,0,0,0,0,0,0,0,0,0,0,0,0,0
0.035633985,6.928606987,0,0,0,0,0,3,2,3,3,0,2,0,2,2,2
0,5.17560482,0,0,0,0,0,1,3,1,1,0,0,0,1,2,3
0.003543069,7.237943649,0,0,1,0,0,2,1,3,2,0,0,0,2,1,1
0.015925476,7.567590714,1,0,0,0,1,3,1,3,2,0,3,2,1,1,0
0.029470723,214.7157135,0,0,0,0,0,2,2,3,3,2,1,1,3,1,1
0,21.10840034,1,0,0,1,1,3,1,2,3,0,0,0,2,1,3
0,1.147337675,0,0,0,0,0,0,0,0,0,0,0,0,0,0,0
0.083288088,689.7913818,1,0,0,0,0,3,3,2,2,3,1,1,3,2,2
0.083906934,64.51460266,1,0,0,0,0,3,2,3,2,1,2,1,1,1,1
0.0324197,17.10263252,1,1,1,0,1,3,1,3,0,0,1,0,2,1,0
0,180.1381989,0,0,1,0,0,1,3,3,1,1,0,0,2,3,3
0.095979616,399.4096985,1,1,1,1,1,3,3,3,2,1,2,1,2,1,2
0,69.08958435,0,0,0,0,0,0,0,0,0,0,0,0,0,0,0
0,134.0588226,0,0,0,0,0,0,0,0,0,0,0,0,0,0,0
0.003487312,3.203688622,0,1,1,0,0,3,2,2,1,0,2,2,3,3,1
0,254.3469391,0,1,0,0,0,2,1,2,2,0,0,0,0,1,2
0.194112733,252.9871826,1,1,1,0,1,3,1,2,1,1,2,0,1,0,0
0,52.85557556,0,0,0,0,0,2,2,0,0,0,1,0,1,0,2
0,5.196417809,1,0,0,0,0,1,1,3,2,0,2,1,1,1,2
0.058406491,12.74754715,0,0,0,0,0,3,1,2,1,0,0,0,1,3,1
0,14.38631058,0,0,0,0,0,2,3,2,2,0,0,0,2,2,1
0,21.28346062,1,0,0,0,0,3,2,2,1,0,1,0,1,1,0
0,241.6981201,0,0,0,0,0,0,0,0,0,0,0,0,0,0,0
0,3.201961279,0,0,0,0,0,1,1,1,1,2,0,2,0,1,0
0,5.354159832,0,0,0,0,0,0,0,0,0,0,0,0,0,0,0
0,19.22733688,0,0,0,0,0,1,2,1,2,0,1,0,0,2,0
0,21.84415054,1,1,0,0,0,3,1,3,1,0,0,0,2,2,0
0,183.5443268,0,0,0,0,0,0,0,0,0,0,0,0,0,0,0
0,10.51829624,0,1,0,0,0,2,2,0,0,0,0,0,1,1,0
0,15.86120129,0,0,0,0,1,2,0,2,0,0,0,0,2,2,1
0,1110.227783,0,0,0,0,0,0,0,0,0,0,0,0,0,0,0
0.001607578,31.41900444,0,1,0,0,0,3,3,3,2,1,2,2,2,3,3
0,539.5057373,0,0,0,0,0,3,1,3,3,0,1,1,2,2,2
0.048910186,71.76806641,0,0,0,0,0,2,1,2,2,1,1,1,2,2,1
0,14.88415718,0,0,0,0,0,0,0,0,0,0,0,0,0,0,0
0.212412566,36.03655243,1,0,0,0,1,3,3,3,2,2,1,1,3,2,1
0,66.34452057,0,0,0,0,0,1,1,1,1,2,0,0,1,0,1
0,1.297017932,0,0,0,0,0,0,0,0,0,0,0,0,0,0,0
0.056442723,5.891269207,0,0,0,1,0,2,3,3,3,1,2,1,3,2,1
0,2.274764299,0,0,1,0,0,1,3,1,1,2,1,1,2,2,1
0.055061273,9.196785927,1,0,1,0,0,3,1,3,2,2,1,1,2,1,1
0,71.07418823,0,0,0,0,0,0,0,0,0,0,0,0,0,0,0
0,10.38572407,0,0,0,0,0,3,2,3,1,0,0,0,2,1,0
0,9.556274414,0,0,0,0,0,0,0,0,0,0,0,0,0,0,0
0.02347214,2.247148275,1,0,1,0,0,3,2,1,1,0,1,0,3,1,1
0.159442768,47.48368835,1,1,1,0,1,3,1,1,0,0,2,2,3,3,0
0,16.13780785,0,0,0,0,0,0,0,0,0,0,0,0,0,0,0
0,0.973421872,0,0,0,0,0,0,0,0,0,0,0,0,0,0,0
0.011780722,2.969968081,0,0,0,0,0,2,2,2,3,0,1,1,2,2,2
0.474925518,513.9767456,1,0,0,0,0,3,2,2,1,0,1,1,1,1,2
0,6.039767742,0,0,0,0,0,0,0,0,0,0,0,0,0,0,0
4.694793224,130.3161316,1,1,1,0,1,3,2,3,2,1,2,0,2,1,1
0.136839554,5.08491087,0,1,0,0,0,2,3,3,3,3,3,3,3,3,3
0.153797925,257.3822327,1,0,0,0,0,1,0,3,1,0,0,0,0,0,0
0,2.295891523,0,0,0,0,0,0,0,0,0,0,0,0,0,0,0
0.046798553,16.46943665,0,1,0,0,0,3,2,3,2,0,0,0,1,2,1
0.0049235,62.28426361,0,0,0,0,0,1,1,0,0,0,0,0,0,0,0
0.0675807,160.6961823,0,1,0,0,1,2,2,1,1,0,2,2,1,1,1
0,74.46231079,1,1,0,1,1,3,2,0,0,1,2,0,0,1,1
0,39.40932846,0,1,0,0,1,3,2,2,1,1,1,0,2,1,0
0,13.41520119,0,0,0,0,0,0,0,0,0,0,0,0,0,0,0
0,22.02603531,0,0,0,0,0,1,2,2,2,0,1,1,3,1,1
0,17.86964417,0,0,0,0,0,0,0,0,0,0,0,0,0,0,0
0,10.2049818,0,0,0,0,0,0,0,0,0,0,0,0,0,0,0
0,6.426456451,0,0,0,0,0,3,3,1,0,0,1,1,2,3,3
3.43389535,400.2042542,1,0,1,0,0,3,2,3,3,2,1,0,1,1,0
0.098267272,103.6749115,1,0,0,0,0,1,1,3,3,0,0,0,2,1,1
0,435.6549988,0,0,0,0,0,0,0,0,0,0,0,0,0,0,0
0,13.74527454,1,0,0,0,0,0,2,3,2,0,0,0,3,2,2
0.04465564,5.349611282,1,1,0,0,0,3,1,3,0,0,1,1,2,3,1
0.054116793,5.225711823,1,0,0,0,0,2,0,2,1,0,2,3,2,2,0
0,5.737103462,0,0,0,0,0,0,0,0,0,0,0,0,0,0,0
0,28.26478767,0,0,0,0,0,2,3,1,0,0,0,0,1,1,2
0,13.42082691,0,0,0,0,0,0,0,0,1,0,0,0,0,1,1
0,78.15979004,0,0,0,0,0,0,0,0,0,0,0,0,0,0,0
0,4.260251045,1,0,0,0,0,3,1,2,1,2,0,0,1,1,1
0,17.98181343,0,0,0,0,0,0,0,0,0,0,0,0,0,0,0
0.009546083,10.50707436,0,0,1,0,1,3,3,2,1,0,0,0,1,1,0
0,346.4256287,0,1,0,0,0,1,2,2,3,2,1,1,2,3,3
0,14.60499859,0,0,0,0,0,0,0,0,0,0,0,0,0,0,0
0,14.65080833,0,0,0,0,0,0,0,0,0,0,0,0,0,0,0
0.058104571,75.09367371,1,0,0,0,0,3,2,2,2,2,1,2,2,2,1
0,16.58494377,0,0,0,0,0,0,0,0,0,0,0,0,0,0,0
0,5.453609467,0,0,0,0,0,0,0,0,0,0,0,0,0,0,0
0,3.803353071,0,0,0,0,0,0,0,0,0,0,0,0,0,0,0
0,10.29578209,0,0,0,0,0,0,0,0,0,0,0,0,0,0,0
0.057512682,40.00813675,0,0,0,0,0,3,1,2,2,0,1,1,1,0,2
0.021533255,18.13386726,1,1,1,0,1,3,2,3,0,2,2,0,3,2,0
0,96.41407776,0,1,0,1,0,3,2,3,1,3,0,0,0,0,0
0,10.4984951,0,0,0,0,0,0,3,2,2,1,0,0,1,0,0
0,0.14897579,0,0,0,0,0,0,0,0,0,0,0,0,0,0,0
0.475335211,485.7110596,1,0,0,0,0,3,2,2,1,0,1,1,1,1,2
0.07610587,428.9349365,1,0,0,0,1,3,3,3,1,1,2,1,2,2,2
0,2.514868736,0,0,0,0,0,0,0,0,0,0,0,0,0,0,0
0,82.72344208,0,0,0,0,0,0,0,0,0,0,0,0,0,0,0
0,4544.069824,0,1,1,1,1,2,3,1,2,3,1,1,2,2,2
0.191732287,24.65011597,1,0,0,0,0,2,3,3,1,0,2,1,3,2,2
0,115.778389,1,0,0,0,0,3,2,3,3,1,3,2,1,2,2
0,18.50741005,0,0,0,0,0,0,0,0,0,0,0,0,0,0,0
0,64.35153198,0,0,0,0,0,3,2,3,2,0,0,0,1,1,1
0.691812634,47.26500702,1,0,0,0,0,3,1,3,3,2,2,0,2,1,0
0,260.5724182,0,0,0,0,0,0,0,0,0,0,0,0,0,0,0
0,3.341649532,0,0,0,0,0,0,0,0,0,0,0,0,0,0,0
0.110835493,8.279715538,1,0,1,0,0,2,1,3,1,0,1,2,2,2,1
0.176969513,29.83671379,0,1,0,0,0,3,0,3,2,0,0,0,1,1,1
0,133.9523926,0,0,0,0,0,3,2,2,1,0,0,0,1,1,0
0.054413941,14.50235462,1,0,0,0,0,2,1,3,0,3,1,0,1,2,0
0.633878171,51.89219284,1,0,0,0,0,2,1,3,3,2,0,0,2,0,2
0,66.58153534,0,0,0,0,0,0,0,0,0,0,0,0,0,0,0
2.802140474,729.3493042,1,0,1,0,0,3,2,2,2,3,2,1,2,2,2
0.01857168,2.005233288,1,0,0,0,0,3,1,2,2,0,0,0,1,2,0
0,74.62831879,0,0,0,0,0,0,0,0,0,0,0,0,0,0,0
0,310.8304749,0,0,0,0,0,0,0,0,0,0,0,0,0,0,0
0.060321085,27.29158211,0,0,0,0,0,1,0,2,2,0,0,0,1,2,1
0.791688323,609.1918945,0,1,0,0,0,2,0,0,3,0,1,0,1,1,0
0.432141274,9.648177147,1,1,0,0,0,3,1,2,0,0,1,1,1,1,0
0.196150079,35.79150391,1,0,0,0,0,1,3,3,2,2,1,0,2,2,0
0,286.045929,0,0,0,0,0,0,0,0,0,0,0,0,0,0,0
0.165766791,9.332478523,1,0,1,0,0,2,1,2,0,0,2,0,1,2,0
0,38.69992447,0,0,0,0,0,1,1,2,2,1,1,1,2,2,1
0.010378262,30.78006172,1,0,0,0,1,3,2,2,1,3,1,2,3,2,2
0.004376004,205.5566254,1,1,1,0,1,3,2,2,2,1,1,1,1,1,1
0,2.573844433,0,0,0,0,1,1,1,1,1,1,0,0,3,2,2
0,81.11631775,0,0,1,0,0,3,3,2,1,1,0,0,0,0,0
0,5.55237627,0,0,0,0,0,0,0,0,0,0,0,0,0,0,0
0,36.27617264,0,0,0,0,0,0,0,0,0,0,0,0,0,0,0
0,82.4631424,0,0,0,0,0,0,0,0,0,0,0,0,0,0,0
0,48.46598434,1,1,1,1,1,3,3,2,2,1,0,0,2,2,3
0.049631178,8.820153236,0,0,0,0,0,3,1,2,2,0,1,1,1,1,1
0,8.649646759,0,0,0,0,0,0,0,0,0,0,0,0,0,0,0
0,3.761129856,0,1,0,0,0,0,0,0,0,0,0,0,0,0,0
1.144241929,79.07855225,0,1,0,0,0,3,1,1,0,0,1,1,1,1,0
0.266924739,44.19136429,1,0,1,0,0,3,1,1,1,0,1,0,2,3,1
0.065980531,16.96154785,0,0,0,0,1,3,2,1,1,0,2,0,1,3,0
0,148.687439,0,0,0,0,0,0,0,0,0,0,0,0,0,0,0
0,24.90296173,0,0,1,0,0,3,1,1,3,0,1,0,2,3,1
0.010301474,36.4851532,1,0,0,0,1,3,1,3,1,2,0,0,1,0,0
29.02391624,1300.52063,1,1,1,0,0,3,1,3,2,1,0,0,1,1,1
0,13.69181919,0,0,0,0,0,0,0,0,0,0,0,0,0,0,0
84.80504608,7313.358887,1,0,1,0,1,3,3,3,3,3,3,3,2,3,2
0,14.54898262,0,0,0,0,0,0,0,0,0,0,0,0,0,0,0
0.010573214,9.291996002,1,0,0,0,0,3,3,3,1,1,0,0,2,1,0
0.421997041,7.772894859,1,1,0,0,0,3,1,2,0,0,1,1,1,1,0
0.269078434,19.22288513,1,0,0,0,1,3,0,3,0,0,3,0,3,1,0
0,44.79549026,0,0,0,1,1,3,3,0,2,0,0,0,0,0,3
1.578931212,276.6412048,1,0,0,0,0,2,2,3,2,1,1,1,1,1,2
0,185.3945007,0,0,0,0,0,0,0,0,0,0,0,0,0,0,0
0,84.81424713,0,0,0,0,0,0,0,0,0,0,0,0,0,0,0
0.155793518,173.2263336,1,0,1,1,0,3,3,3,3,1,2,1,2,2,1
0,181.6537018,0,1,0,0,0,2,3,0,0,0,0,0,1,1,0
0.112970434,162.268631,0,1,1,1,1,3,2,1,2,0,1,0,1,1,2
0,10.4244175,0,0,0,0,0,0,0,0,0,0,0,0,0,0,0
0.026085831,27.40422058,1,0,0,0,0,3,1,1,1,1,0,0,1,1,0
0,13.85347557,0,0,0,0,0,0,0,0,0,0,0,0,0,0,0
0.033799466,51.41189575,1,0,1,0,0,2,3,3,2,1,0,0,2,0,0
0.798399627,210.0308685,0,1,0,1,0,2,3,1,3,0,0,0,2,1,0
0,16.38613892,0,1,0,0,1,1,1,2,0,0,1,2,2,3,3
0,95.65600586,0,0,0,0,1,2,2,3,0,0,0,0,1,0,0
0,10849.43262,1,0,1,1,0,3,2,3,3,0,2,1,1,1,0
0.292802602,66.5280838,0,0,0,0,0,3,3,3,2,2,1,0,2,2,0
0,7.604678631,0,0,0,0,0,0,0,0,0,0,0,0,0,0,0
0,20.7313118,0,0,0,0,0,2,0,2,0,0,2,0,1,2,0
0,90.42672729,0,0,0,1,0,2,1,2,3,0,0,1,2,2,2
0,25.99241066,0,0,1,0,0,3,1,1,3,0,1,0,2,3,1
0,23.09331703,0,0,0,0,0,2,3,2,2,0,0,0,1,1,1
0.310650319,338.6303406,0,0,1,1,1,3,2,0,2,0,0,1,1,0,1
0,4.517261028,0,0,0,0,0,0,0,0,0,0,0,0,0,0,0
5.014709473,335.6786194,1,0,1,0,1,3,3,3,2,1,1,0,1,1,1
0,39.18613052,0,0,0,0,0,0,0,0,0,0,0,0,0,0,0
0,57.50316238,0,0,0,0,0,0,0,0,0,0,0,0,0,0,0
0,7.978292942,0,0,0,0,0,0,0,0,0,0,0,0,0,0,0
0,NA,0,0,0,0,0,0,0,0,0,0,0,0,0,0,0
0.02139063,5.178035259,0,1,0,1,0,3,2,2,3,1,0,0,3,3,2
0,22.9011898,0,0,0,0,0,2,3,2,2,0,0,0,1,1,1
0,2.506784678,0,0,0,0,0,0,0,0,0,0,0,0,0,0,0
0,336.1836243,0,0,0,0,0,0,0,0,0,0,0,0,0,0,0
0,235.2659302,0,0,0,0,0,0,0,0,0,0,0,0,0,0,0
0,91.71221924,0,0,0,0,1,3,2,2,1,0,0,0,1,1,1
0,18.66460419,0,0,0,0,0,0,0,0,0,0,0,0,0,0,0
0.272875667,73.64789581,1,1,0,0,0,3,1,3,2,0,0,0,1,1,0
0.006126022,22.43872452,0,1,0,1,0,3,1,2,1,3,0,0,1,1,0
0,93.11885834,0,0,0,0,0,0,0,0,0,0,0,0,0,0,0
0,10.82722759,0,0,1,0,1,0,3,1,0,1,0,0,2,1,1
0,175.0675507,0,0,1,0,1,3,0,1,1,0,0,0,0,1,0
0.528328657,403.8551331,0,0,0,0,0,3,2,0,1,0,3,3,1,2,2
0.085788362,13.1664772,1,1,1,0,0,2,2,2,3,0,1,0,3,3,1
0,41.34141159,1,1,0,0,0,2,2,1,1,0,1,0,0,1,2
0,9.810105324,0,0,0,0,0,0,0,0,0,0,0,0,0,0,0
0,10.44532681,0,0,0,0,0,0,0,0,0,0,0,0,0,0,0
0,30.31580353,0,0,0,0,0,0,0,0,0,0,0,0,0,0,0
0,8.46228981,0,0,0,0,0,0,0,0,0,0,0,0,0,0,0
0,27.5461731,0,1,0,0,0,3,2,3,1,0,0,0,2,1,1
0,24.39935303,0,0,0,0,0,0,0,0,0,0,0,0,0,0,0
0.15962185,270.5855713,1,0,0,0,1,3,2,3,3,0,0,3,2,2,2
9.459041595,548.3493652,1,0,0,0,0,3,1,2,1,2,2,1,1,1,0
0.402145058,8.028991699,1,1,0,0,0,3,1,2,0,0,1,1,1,1,0
5.011515141,1116.012573,1,0,0,0,0,3,1,3,1,3,3,2,1,1,1
0,279.9345398,0,1,1,1,1,3,3,2,2,0,1,0,2,2,3
0,30.84852791,0,1,0,0,0,3,1,3,2,0,1,0,3,2,1
0,102.4715042,0,0,0,0,0,0,0,0,0,0,0,0,0,0,0
0.157294422,43.93612671,0,0,0,0,0,3,2,2,1,0,1,0,0,1,0
0,69.54327393,0,0,0,0,0,2,3,2,1,2,0,0,3,1,0
0.019633079,4.173526287,1,1,0,0,0,2,2,3,1,0,0,0,0,3,0
0,115.6378403,0,0,0,0,0,0,0,0,0,0,0,0,0,0,0
0,62.14989853,0,1,1,0,0,0,2,2,2,2,0,0,1,2,1
1.185429692,983.2406616,0,1,0,0,1,3,3,3,1,0,1,1,2,2,0
0,8.85526371,0,0,0,0,0,0,0,0,0,0,0,0,0,0,0
0,27.25683022,0,0,0,0,0,0,0,0,0,0,0,0,0,0,0
0.009710479,1.886745214,0,0,1,0,0,2,3,1,1,1,0,0,1,0,0
0,5.906296253,0,0,0,0,0,0,0,0,0,0,0,0,0,0,0
0,4.692700863,0,0,0,0,0,0,0,0,0,0,0,0,0,0,0
0.276011437,8.825739861,1,0,0,0,0,3,2,2,1,1,0,0,1,1,0
0,3.464753151,1,1,0,0,0,3,0,1,1,0,0,0,0,0,0
0,12.24665928,0,0,0,0,0,0,0,0,0,0,0,0,0,0,0
0,30.43095589,0,1,0,0,1,3,1,3,2,2,2,2,3,2,2
0,12.04761028,0,0,1,0,0,3,2,2,1,2,0,0,1,1,1
0.020345984,6.005813599,1,1,0,0,0,2,2,3,1,0,0,0,0,3,0
0,50.79224014,0,0,0,0,0,0,0,0,0,0,0,0,0,0,0
2.508505583,118.4362106,1,0,1,0,1,3,1,2,1,0,2,1,2,0,0
3.679885149,1079.67627,1,0,0,0,1,3,1,1,2,0,3,3,2,2,1
0,65.72409058,0,0,0,0,0,0,0,0,0,0,0,0,0,0,0
0.010985599,6.156536579,1,0,0,0,0,2,0,2,1,0,0,1,2,0,2
5.011660576,2624.806396,0,0,1,0,1,3,1,3,2,0,1,0,1,1,0
0,2.381164551,0,0,0,0,0,1,0,0,0,0,0,0,0,1,0
0,10.32586288,0,0,0,0,0,0,0,0,0,0,0,0,0,0,0
0,15.40406322,0,1,0,0,0,3,3,1,3,1,0,0,3,3,0
0,4.5020895,0,0,0,0,0,0,0,0,0,0,0,0,0,0,0
0,NA,0,0,1,0,0,3,3,3,1,0,0,0,2,1,0
0,13.29744339,1,0,0,1,0,3,2,1,1,0,0,0,2,1,1
0,123.3316269,0,0,0,0,0,0,0,0,0,0,0,0,0,0,0
0,105.6284561,0,1,0,1,1,2,1,1,3,0,1,1,3,2,3
0,220.9722137,0,0,0,0,0,0,0,0,0,0,0,0,0,0,0
0,3.949450254,0,0,0,0,0,0,0,0,0,0,0,0,0,0,0
0,44.39341736,0,0,1,1,0,2,3,2,2,1,1,1,2,3,1
0,24.83827209,0,0,0,0,0,3,2,2,2,0,0,0,2,1,1
0,20.44019699,0,0,0,0,0,3,3,1,2,0,0,0,0,1,2
0,306.2252197,0,0,0,0,0,0,0,0,0,0,0,0,0,0,0
0,42.4115715,0,0,0,0,0,0,0,0,0,0,0,0,0,0,0
0,65.86040497,1,0,1,0,0,3,2,3,3,0,0,0,3,2,2
0,27.29574394,0,0,0,0,1,3,0,1,2,0,0,0,0,0,1
1.38240087,160.0006561,1,0,0,0,0,2,1,3,3,0,2,2,2,1,0
0.019347029,43.24967575,1,0,1,0,0,3,1,3,1,1,3,0,2,0,0
0.068474784,58.42395782,1,0,1,1,1,2,3,3,0,3,1,1,2,1,0
0,24.0538311,0,0,0,0,0,0,0,0,0,0,0,0,0,0,0
0,5.838650227,0,0,1,0,0,1,3,1,1,2,1,1,2,2,1
0.208166197,6.468319893,1,0,0,0,0,3,1,3,1,0,2,2,2,1,0
0,27.85649681,0,0,0,0,0,2,3,2,2,2,2,2,3,3,2
0.776876688,60.09529114,0,0,1,0,0,3,0,2,1,0,2,2,2,2,0
0.019150365,160.0030365,0,1,0,0,0,3,2,3,1,0,2,0,0,2,1
0,2.176422119,1,0,0,0,0,3,3,1,1,0,0,0,1,0,1
0,19.75377655,0,0,0,0,0,0,0,0,0,0,0,0,0,0,0
5.00221777,185.9598694,1,0,0,0,0,3,2,3,3,1,2,1,2,1,1
0,2.605149508,0,0,0,0,0,1,3,2,1,0,1,1,2,2,2
0,52.8412056,0,0,0,0,0,1,1,2,1,2,0,0,1,1,0
48.9588356,3818.021973,0,0,0,0,0,2,1,1,1,0,2,1,1,1,1
3.414725065,78.71503448,1,0,0,0,1,3,2,2,2,1,1,0,1,1,0
0,15.01045227,0,0,0,0,0,0,0,0,0,0,0,0,0,0,0
0,8.850811958,1,0,1,0,0,1,2,2,2,1,1,1,2,1,0
0.09752275,142.1204224,0,0,0,0,0,3,1,1,0,1,1,1,0,1,1
0,67.42228699,0,0,0,0,0,1,1,1,1,2,0,0,1,0,1
0.056930948,41.43334961,0,0,0,0,0,1,2,0,1,1,1,0,2,1,0
0.992135763,362.2830811,1,0,0,0,0,3,2,1,2,2,2,0,2,1,0
24.00262833,1634.454224,1,0,1,1,0,3,2,3,1,2,2,1,1,3,1
0,18.89328575,0,0,0,0,0,0,0,0,0,0,0,0,0,0,0
0.456747264,352.1219788,1,0,0,0,0,3,2,2,2,1,0,0,2,1,0
0.062256433,8.120219231,1,0,0,0,0,3,2,3,3,0,2,1,1,1,1
0,7.101268768,0,0,0,0,0,0,0,0,0,0,0,0,0,0,0
0,87.60305786,0,0,0,0,0,0,0,0,0,0,0,0,0,0,0
0.051231634,18.06291962,0,0,0,0,0,2,1,3,3,1,2,0,1,1,1
0,1.679948688,0,0,0,0,0,0,0,0,0,0,0,0,0,0,0
0,5.603241444,0,0,0,0,0,0,0,0,0,0,0,0,0,0,0
0,1.982810616,0,0,0,0,0,0,0,0,0,0,0,0,0,0,0
0,5.869035721,0,0,0,0,0,0,0,0,0,0,0,0,0,0,0
0.089922398,7.709462166,0,1,0,0,0,3,0,3,1,1,1,1,1,1,1
0.002878952,12.4436655,0,1,0,0,0,3,0,3,1,0,0,0,0,1,1
0,11.79340649,0,0,0,0,0,2,1,1,0,0,2,1,1,0,0
1.51830554,488.8231506,1,1,1,1,1,3,1,3,0,0,0,0,0,0,0
0.003471232,NA,1,0,1,0,0,2,2,3,2,0,0,0,2,2,1
0,2.944525003,0,1,1,0,0,2,2,0,1,3,0,0,3,2,3
0.176412821,NA,1,0,0,0,0,3,2,3,1,2,0,0,3,2,0
0,104.7132339,0,1,0,1,0,3,2,3,1,3,0,0,0,0,0
0,12.49164581,0,0,0,0,0,0,0,0,0,0,0,0,0,0,0
0,25.93642426,0,0,0,0,0,0,0,0,0,0,0,0,0,0,0
0,6.318515301,0,0,0,0,0,0,0,0,0,0,0,0,0,0,0
0,39.12191391,0,0,1,0,0,2,3,1,1,1,0,0,2,2,1
0,13.23983479,0,0,0,0,0,0,0,0,0,0,0,0,0,0,0
0.074399613,228.655899,0,1,1,1,1,3,2,1,2,0,1,0,1,1,2
0,65.0063324,1,0,0,0,0,1,1,1,2,1,0,0,1,1,1
0,29.74864388,1,0,0,0,0,3,1,2,2,0,0,0,1,0,0
0,21.44740105,0,0,0,0,0,0,0,0,0,0,0,0,0,0,0
0.029084122,55.6210289,1,0,1,0,0,3,2,1,1,0,1,0,1,1,1
0,105.7076035,0,0,0,1,0,3,2,3,3,1,1,2,2,2,2
0,142.0790405,0,0,0,1,1,1,1,2,1,0,0,0,1,0,1
1.634703159,82.58866119,1,0,0,0,0,2,2,2,2,2,2,2,2,2,2
13.00093365,480.7190247,1,0,1,0,0,3,2,3,1,0,2,1,1,2,2
0,7.045636654,0,0,0,0,0,0,0,0,0,0,0,0,0,0,0
0.081631444,16.98965454,1,0,0,0,0,2,2,3,2,1,2,2,2,2,2
0.038993534,4.383011818,1,1,1,0,1,3,2,3,3,0,0,0,1,1,0
22.68358231,NA,1,0,0,0,1,3,1,3,3,3,2,2,1,2,1
0,5.838207722,0,0,0,0,0,0,0,0,0,0,0,0,0,0,0
0.052693315,29.82254219,1,0,0,0,0,2,2,3,3,0,2,2,1,3,1
0.12216758,8.297969818,0,0,0,0,0,2,3,2,1,0,0,0,1,2,1
0.251499355,83.87191772,1,0,1,0,0,2,0,3,2,1,1,0,1,1,0
0,28.86468887,0,0,0,0,0,0,0,0,0,0,0,0,0,0,0
0,5.78182888,0,0,1,0,0,1,3,1,1,2,1,1,2,2,1
1.289976239,132.1744385,1,0,1,0,1,3,3,1,1,0,0,0,1,2,1
0.026092192,21.40008926,1,0,1,0,0,3,1,2,2,2,0,0,2,1,0
0.060729939,5.818706036,0,1,0,0,0,2,1,1,0,0,1,0,0,1,0
0.011293042,144.8687439,0,1,1,0,0,2,1,3,1,1,0,0,1,2,2
0,34.02833176,0,0,0,0,0,2,2,3,2,0,0,0,2,3,1
0,38.22382736,1,0,0,0,0,3,3,3,2,1,1,1,1,2,1
0,84.71444702,1,0,0,0,0,2,3,2,1,2,0,0,3,3,2
0.138624862,11.7568903,1,1,1,0,1,3,2,0,1,0,1,0,1,2,0
0.010169895,46.35705948,1,0,0,0,0,2,1,2,1,1,0,0,2,1,1
0.309582949,154.3197937,1,0,1,0,0,3,1,3,3,0,2,0,2,0,0
0.046247661,108.532753,0,0,0,0,0,3,2,1,1,0,2,0,2,2,0
0,1231.400391,0,0,0,0,1,3,1,2,1,0,1,0,1,2,0
0,11.65000725,0,0,0,0,0,0,0,0,0,0,0,0,0,0,0
0.020399261,72.27736664,0,0,1,0,0,3,3,3,2,0,0,0,0,2,0
0,17.35567856,0,0,0,0,0,2,2,2,1,0,0,0,0,0,1
0,49.99903488,0,0,0,0,0,0,0,0,0,0,0,0,0,0,0
0.220554546,26.43346405,1,0,1,0,0,2,1,2,1,1,1,0,2,2,2
0,11.33572769,0,0,1,0,0,3,1,3,1,2,1,1,1,1,1
0,11.14549923,0,0,1,0,0,1,3,1,1,0,0,0,1,1,0
0,16.38461494,0,0,0,0,0,0,0,0,0,0,0,0,0,0,0
0,NA,0,0,0,0,0,0,0,0,0,0,0,0,0,0,0
0,45.12540054,0,0,1,0,0,3,1,1,1,1,0,0,2,2,1
0.169881448,7.908920288,0,1,0,0,0,3,1,3,1,1,3,2,2,2,2
0.020140676,0.897698343,0,1,1,0,0,3,2,1,1,2,3,2,2,3,1
0.502251506,241.223114,1,0,0,0,0,2,2,2,3,0,1,1,3,1,1
1.631723523,171.0093079,1,0,1,0,0,2,2,3,3,2,1,0,1,1,0
0,105.1430435,0,1,1,1,1,3,3,3,3,3,0,0,1,1,0
0.234442249,12.62847996,0,1,0,0,0,3,2,3,2,0,1,0,2,1,0
0,86.94274902,0,0,0,0,0,0,0,0,0,0,0,0,0,0,0
2.285873652,23.68042564,1,1,1,1,0,3,1,3,3,0,2,1,3,2,1
0,1667.096191,0,1,1,1,1,3,2,1,1,1,1,0,1,1,3
0,7.418291092,0,0,0,0,0,0,0,0,0,0,0,0,0,0,0
0.193545133,NA,0,1,0,0,0,3,3,2,1,0,0,0,1,3,2
0,78.05371094,0,0,0,0,0,0,0,0,0,0,0,0,0,0,0
0.004534193,3.372567654,0,0,0,0,0,2,1,1,2,0,1,0,2,2,2
0.159327045,64.47220612,1,0,0,0,0,1,2,3,2,0,2,0,2,2,1
0,30.14403343,0,0,0,1,0,3,0,2,2,0,0,0,0,0,0
0,19.90038109,0,0,0,0,0,0,0,0,0,0,0,0,0,0,0
0,7.921731949,0,0,0,0,0,0,0,0,0,0,0,0,0,0,0
0,6.892949581,0,0,0,0,0,0,0,0,0,0,0,0,0,0,0
0,18.06545639,0,0,0,0,0,0,0,0,0,0,0,0,0,0,0
0.075739853,230.6116943,0,0,0,0,0,3,2,3,3,0,1,1,1,1,1
0,5.157346249,0,0,0,0,0,0,0,0,0,0,0,0,0,0,0
0,20.62154579,0,0,0,0,0,0,0,0,0,0,0,0,0,0,0
0.020004099,41.360672,1,0,1,0,0,3,1,2,1,0,1,1,2,2,0
0,14.72781849,0,0,0,0,0,2,3,3,2,0,0,1,1,2,0
0,66.94430542,0,0,0,0,0,0,0,0,0,0,0,0,0,0,0
0.005926324,667.6206665,0,0,0,0,0,2,3,0,2,2,2,0,1,1,1
0.02010251,96.70561981,0,1,0,1,1,3,2,2,1,0,0,0,2,1,2
0,10.79106903,0,0,0,0,0,0,0,0,0,0,0,0,0,0,0
2.494122267,516.3683472,0,0,0,0,0,3,3,3,3,1,1,0,3,2,2
0.00593366,3.290825367,0,0,0,0,0,2,0,2,2,1,0,0,2,2,0
6.228106976,728.9956055,0,0,0,0,0,3,2,3,2,1,1,1,2,2,1
0.004868885,9.270320892,0,0,1,0,0,2,1,3,2,0,0,0,2,1,1
0,156.0615387,0,1,0,1,0,3,2,3,1,3,0,0,0,0,0
0,1.766493201,0,0,0,0,0,0,0,0,0,0,0,0,0,0,0
0,22.39367676,1,0,1,1,1,2,2,2,0,2,0,0,2,1,1
3.005876064,257.172821,1,0,1,0,0,2,3,2,2,2,2,1,1,2,1
1.506978154,NA,1,0,0,0,0,2,2,3,1,0,0,0,1,1,1
0,75.5034256,0,0,0,0,0,3,2,1,0,1,1,1,2,1,1
0,114.2566986,0,0,0,0,0,0,0,0,0,0,0,0,0,0,0
0,134.8268127,0,0,0,0,0,0,0,0,0,0,0,0,0,0,0
0,6.097538471,0,0,0,0,0,0,0,0,0,0,0,0,0,0,0
0.079736166,103.2046814,0,0,0,0,0,0,1,2,1,0,0,0,1,1,0
0,80.87276459,0,0,1,0,1,3,3,3,3,3,0,0,3,3,3
0.010252318,34.10331345,1,0,0,0,0,2,1,2,1,1,0,0,2,2,0
0,439.8592224,0,0,0,0,0,0,0,0,0,0,0,0,0,0,0
0,6.297757149,0,0,0,0,0,1,2,1,0,3,0,0,0,3,1
0.078931525,33.05497742,1,0,0,0,0,2,1,2,2,1,2,0,1,0,0
0,7.195835114,0,0,0,0,0,0,0,0,0,0,0,0,0,0,0
0.010299793,36.1515007,1,0,0,0,0,2,1,2,1,1,0,0,2,2,0
2.37078166,235.3696747,1,0,1,0,1,3,0,2,2,0,2,1,3,3,2
